ja_31	japanese	「気に入らねえ奴はブッとばす」というのが口癖。	奴	-4.091961093085378
ja_32	japanese	「気に入らねえ奴はブッとばす」というのが口癖。	ブッとばす	-6.1997523179820515
ja_33	japanese	「気に入らねえ奴はブッとばす」というのが口癖。	口癖	-5.749649905993051
ja_34	japanese	パトカーは600メートルほど離れた路上でワゴン車を見失ったものの、その後タクシーと衝突したワゴン車を発見した。	パトカー	-5.77378358570977
ja_35	japanese	パトカーは600メートルほど離れた路上でワゴン車を見失ったものの、その後タクシーと衝突したワゴン車を発見した。	衝突した	-5.026149859330065
ja_36	japanese	パトカーは600メートルほど離れた路上でワゴン車を見失ったものの、その後タクシーと衝突したワゴン車を発見した。	発見した	-4.199421552937957
ja_37	japanese	サラリーマンや中高年層が主流で、酒類を品書きに加えて好評を得ている。	主流	-5.211490721253296
ja_38	japanese	サラリーマンや中高年層が主流で、酒類を品書きに加えて好評を得ている。	品書き	-6.281422364433371
ja_39	japanese	サラリーマンや中高年層が主流で、酒類を品書きに加えて好評を得ている。	好評を得ている	-5.088681927520945
ja_40	japanese	気象庁は土砂災害や川の氾濫、浸水被害に厳重な警戒をするように呼びかけている。	川の氾濫	-5.7240119689787745
ja_41	japanese	気象庁は土砂災害や川の氾濫、浸水被害に厳重な警戒をするように呼びかけている。	浸水被害	-5.4950299847569415
ja_42	japanese	気象庁は土砂災害や川の氾濫、浸水被害に厳重な警戒をするように呼びかけている。	厳重な	-5.586464346891258
ja_43	japanese	彼らがそれらのアプリを使うのは、友人から肯定してもらうことで自分の存在の正当性を確認しようとする試みなのである。	肯定して	-5.046881809326964
ja_44	japanese	彼らがそれらのアプリを使うのは、友人から肯定してもらうことで自分の存在の正当性を確認しようとする試みなのである。	正当性	-5.209371173454711
ja_45	japanese	彼らがそれらのアプリを使うのは、友人から肯定してもらうことで自分の存在の正当性を確認しようとする試みなのである。	試み	-5.293571254012966
ja_46	japanese	お子さんが被害に遭わないように、保護者がお子さんのインターネット利用をきちんと見守っていく必要があります。	被害に遭わない	-5.095785787471459
ja_47	japanese	お子さんが被害に遭わないように、保護者がお子さんのインターネット利用をきちんと見守っていく必要があります。	きちんと	-4.485981855779544
ja_48	japanese	お子さんが被害に遭わないように、保護者がお子さんのインターネット利用をきちんと見守っていく必要があります。	見守って	-4.834086087867265
ja_49	japanese	斜面地では、不思議と祭りの喧騒もなく、静かで穏やかな時間が流れている。	不思議と	-4.283473877408612
ja_50	japanese	斜面地では、不思議と祭りの喧騒もなく、静かで穏やかな時間が流れている。	喧騒	-6.113731647404121
ja_51	japanese	斜面地では、不思議と祭りの喧騒もなく、静かで穏やかな時間が流れている。	穏やかな	-4.8810928340143525
ja_52	japanese	フランスでは日本の食パンに比べてやや小振りなタイプが広く嗜好されている。	やや	-4.668151766859207
ja_53	japanese	フランスでは日本の食パンに比べてやや小振りなタイプが広く嗜好されている。	小振りな	-7.179548931893764
ja_54	japanese	フランスでは日本の食パンに比べてやや小振りなタイプが広く嗜好されている。	嗜好されて	-5.890527843702799
ja_55	japanese	増田はあがって、夫婦の脇へどかっとあぐらをかいた。	脇	-4.823349183013873
ja_56	japanese	増田はあがって、夫婦の脇へどかっとあぐらをかいた。	どかっと	-6.805968269081172
ja_57	japanese	増田はあがって、夫婦の脇へどかっとあぐらをかいた。	あぐらをかいた	-5.848029614081883
ja_58	japanese	⼤病院は救急や重い症状の患者さんの治療を担う役割を持っています。	救急	-5.063787177145708
ja_59	japanese	⼤病院は救急や重い症状の患者さんの治療を担う役割を持っています。	患者さん	-4.226800505925867
ja_60	japanese	⼤病院は救急や重い症状の患者さんの治療を担う役割を持っています。	担う	-4.9774075152199275
ja_61	japanese	暗闇で物が見えないという現実の危険・想像上の危険に対する恐怖から来ていると考えられる。	暗闇	-5.155735488997678
ja_62	japanese	暗闇で物が見えないという現実の危険・想像上の危険に対する恐怖から来ていると考えられる。	想像上の	-4.2533468443801
ja_63	japanese	暗闇で物が見えないという現実の危険・想像上の危険に対する恐怖から来ていると考えられる。	恐怖	-4.5861621589060375
ja_64	japanese	「自分たちが何か偉大で強力なものの一部であるという感覚」であると説明している。	偉大で	-5.081062530650753
ja_65	japanese	「自分たちが何か偉大で強力なものの一部であるという感覚」であると説明している。	強力な	-4.621167677905601
ja_66	japanese	「自分たちが何か偉大で強力なものの一部であるという感覚」であると説明している。	感覚	-4.0836191609516455
ja_67	japanese	まず、保証人である経営者が、ガイドラインに示す条件に即して次のような対応を行いました。	保証人	-4.7318272476730705
ja_68	japanese	まず、保証人である経営者が、ガイドラインに示す条件に即して次のような対応を行いました。	示す	-4.156221632611082
ja_69	japanese	まず、保証人である経営者が、ガイドラインに示す条件に即して次のような対応を行いました。	に即して	-5.980392368769389
ja_70	japanese	しかし、歩道は凹凸があって、混雑しており、二輪車の移動には適していません。	凹凸	-5.312993095439717
ja_71	japanese	しかし、歩道は凹凸があって、混雑しており、二輪車の移動には適していません。	二輪車	-4.627101955970718
ja_72	japanese	しかし、歩道は凹凸があって、混雑しており、二輪車の移動には適していません。	適していません	-5.01899855365034
ja_73	japanese	ほかの様々な観察をいくつも行い、総合的に判断せざるを得ない。	観察	-4.675263467259964
ja_74	japanese	ほかの様々な観察をいくつも行い、総合的に判断せざるを得ない。	総合的に	-4.568115314490985
ja_75	japanese	ほかの様々な観察をいくつも行い、総合的に判断せざるを得ない。	判断せざるを得ない	-4.124796635757645
ja_76	japanese	ビヤは反対者に対して強硬な姿勢をとると一部からは批判されており、またしばしば国民に対して超然としていると非難されている。	強硬な	-5.75407399669788
ja_77	japanese	ビヤは反対者に対して強硬な姿勢をとると一部からは批判されており、またしばしば国民に対して超然としていると非難されている。	しばしば	-5.37090835936222
ja_78	japanese	ビヤは反対者に対して強硬な姿勢をとると一部からは批判されており、またしばしば国民に対して超然としていると非難されている。	超然としている	-6.990492695673716
ja_79	japanese	飼い主は命を預かるものとして、ペットがその命を終えるまで責任を持つ必要があります。	飼い主	-5.053328944324459
ja_80	japanese	飼い主は命を預かるものとして、ペットがその命を終えるまで責任を持つ必要があります。	命を預かる	-5.142122433953141
ja_81	japanese	飼い主は命を預かるものとして、ペットがその命を終えるまで責任を持つ必要があります。	もの	-2.81633878760261
ja_82	japanese	積極的に参加される方が多くて、不安の強い方にはスタッフが寄り添いながら場を共有している。	積極的に	-4.549398531789415
ja_83	japanese	積極的に参加される方が多くて、不安の強い方にはスタッフが寄り添いながら場を共有している。	寄り添い	-5.079178386776202
ja_84	japanese	積極的に参加される方が多くて、不安の強い方にはスタッフが寄り添いながら場を共有している。	場	-3.80361941995226
ja_85	japanese	これ以降、芋づる式に窃盗団のメンバーが検挙されていった。	芋づる式に	-6.7157916387320835
ja_86	japanese	これ以降、芋づる式に窃盗団のメンバーが検挙されていった。	窃盗団	-5.74527042872756
ja_87	japanese	これ以降、芋づる式に窃盗団のメンバーが検挙されていった。	検挙されて	-6.1997523179820515
ja_88	japanese	「4億円を隠蔽するため、故意に虚偽記載したことは明白」とした。	隠蔽する	-5.69849738354567
ja_89	japanese	「4億円を隠蔽するため、故意に虚偽記載したことは明白」とした。	故意に	-5.965669111948683
ja_90	japanese	「4億円を隠蔽するため、故意に虚偽記載したことは明白」とした。	虚偽	-5.757048628066082
ja_91	japanese	かつての旅人たちは、旅の疲れを名物菓子で癒やしたことだろう。	かつての	-4.652153404736643
ja_92	japanese	かつての旅人たちは、旅の疲れを名物菓子で癒やしたことだろう。	名物	-5.1356510388219245
ja_93	japanese	かつての旅人たちは、旅の疲れを名物菓子で癒やしたことだろう。	癒やした	-5.863006770051536
ja_94	japanese	指圧師は二十前後の体格のいい女で、黒いスラックスと白い清潔なブラウスを着けていた。	体格のいい	-5.427850016875409
ja_95	japanese	指圧師は二十前後の体格のいい女で、黒いスラックスと白い清潔なブラウスを着けていた。	スラックス	-6.127519931889754
ja_96	japanese	指圧師は二十前後の体格のいい女で、黒いスラックスと白い清潔なブラウスを着けていた。	清潔な	-5.206841295532369
ja_97	japanese	当初、「ちょっと男っぽ過ぎるかな」と思っていたが、監督から「いいね！」と言われたため、パンチの動きをガンガン入れたという。	当初	-4.665363544279034
ja_98	japanese	当初、「ちょっと男っぽ過ぎるかな」と思っていたが、監督から「いいね！」と言われたため、パンチの動きをガンガン入れたという。	男っぽ過ぎる	-4.163465701225736
ja_99	japanese	当初、「ちょっと男っぽ過ぎるかな」と思っていたが、監督から「いいね！」と言われたため、パンチの動きをガンガン入れたという。	ガンガン	-4.8631972918716135
ja_100	japanese	国内用には開催国チームをフィーチャーした映像制作が積極的に行われるが、国際映像制作では中立性が重視される。	開催国	-4.249619371809176
ja_101	japanese	国内用には開催国チームをフィーチャーした映像制作が積極的に行われるが、国際映像制作では中立性が重視される。	フィーチャーした	-5.944479812878745
ja_102	japanese	国内用には開催国チームをフィーチャーした映像制作が積極的に行われるが、国際映像制作では中立性が重視される。	中立性	-5.421601067598408
ja_103	japanese	詐欺の電話は誰にでもかかってくる可能性があります。	詐欺	-4.878321574498641
ja_104	japanese	詐欺の電話は誰にでもかかってくる可能性があります。	誰にでも	-3.4143343447139003
ja_105	japanese	詐欺の電話は誰にでもかかってくる可能性があります。	可能性があります	-3.4745954866751267
ja_106	japanese	醤油の起源は、遥か中世の時代、中国に渡り修行を積んだ禅僧が伝えた特別な味噌に始まる。	遥か	-5.36240441948235
ja_107	japanese	醤油の起源は、遥か中世の時代、中国に渡り修行を積んだ禅僧が伝えた特別な味噌に始まる。	修行を積んだ	-4.843453233675857
ja_108	japanese	醤油の起源は、遥か中世の時代、中国に渡り修行を積んだ禅僧が伝えた特別な味噌に始まる。	禅僧	-7.044850357996308
ja_109	japanese	半纏については各町会で色が異なり個性的であるが、浴衣は白が基調であるため、一見ではどこの所属か分からない事がある。	半纏	-6.990492695673716
ja_110	japanese	半纏については各町会で色が異なり個性的であるが、浴衣は白が基調であるため、一見ではどこの所属か分からない事がある。	個性的である	-4.624784536135817
ja_111	japanese	半纏については各町会で色が異なり個性的であるが、浴衣は白が基調であるため、一見ではどこの所属か分からない事がある。	基調	-5.322765133554313
ja_112	japanese	匿名の書き込みであっても、その内容には責任を持つ必要があるということを覚えておきましょう。	匿名の	-5.449354136170734
ja_113	japanese	匿名の書き込みであっても、その内容には責任を持つ必要があるということを覚えておきましょう。	書き込み	-5.243218011763141
ja_114	japanese	匿名の書き込みであっても、その内容には責任を持つ必要があるということを覚えておきましょう。	責任を持つ	-4.362825684861924
ja_115	japanese	それまで頭の中で渦巻いていたものが、しだいに一点へ凝集し、鮮やかなかたちをとるのが感じられた。	渦巻いて	-5.804301109713708
ja_116	japanese	それまで頭の中で渦巻いていたものが、しだいに一点へ凝集し、鮮やかなかたちをとるのが感じられた。	凝集し	-6.77378358570977
ja_117	japanese	それまで頭の中で渦巻いていたものが、しだいに一点へ凝集し、鮮やかなかたちをとるのが感じられた。	鮮やかな	-5.137438997221722
ja_118	japanese	そのうえで、年末に向けて、世界に伍して競争できる投資支援パッケージを作っていきます。	そのうえで	-4.749209965571938
ja_119	japanese	そのうえで、年末に向けて、世界に伍して競争できる投資支援パッケージを作っていきます。	世界に伍して	-7.016821634396065
ja_120	japanese	そのうえで、年末に向けて、世界に伍して競争できる投資支援パッケージを作っていきます。	パッケージ	-4.657697915911592
ja_121	japanese	周囲でも結婚、おめでたが続き、ヨウ子は2児の母となる。	周囲	-4.63944707476109
ja_122	japanese	周囲でも結婚、おめでたが続き、ヨウ子は2児の母となる。	おめでた	-7.044850357996308
ja_123	japanese	周囲でも結婚、おめでたが続き、ヨウ子は2児の母となる。	2児	-4.973213784142266
ja_124	japanese	大雪でカーポートが基礎の部分から倒れ、柱が自動車に当たってフロントガラスが割れた。	カーポート	-6.521971612715971
ja_125	japanese	大雪でカーポートが基礎の部分から倒れ、柱が自動車に当たってフロントガラスが割れた。	基礎	-4.554610872750021
ja_126	japanese	大雪でカーポートが基礎の部分から倒れ、柱が自動車に当たってフロントガラスが割れた。	フロントガラス	-4.4491337380528835
ja_127	japanese	事務所には工場主と、幾人かの事務員が詰めている。	工場主	-4.435540592059602
ja_128	japanese	事務所には工場主と、幾人かの事務員が詰めている。	幾人	-5.031732127469684
ja_129	japanese	事務所には工場主と、幾人かの事務員が詰めている。	詰めて	-4.714707257439864
ja_130	japanese	その上でさらに嘘をつき、家庭内だけではなくクラスでも居場所を失ってしまう。	嘘をつき	-4.176597882156882
ja_131	japanese	その上でさらに嘘をつき、家庭内だけではなくクラスでも居場所を失ってしまう。	家庭内	-4.3277904039221236
ja_132	japanese	その上でさらに嘘をつき、家庭内だけではなくクラスでも居場所を失ってしまう。	居場所を失って	-4.351064803785222
ja_133	japanese	独立後まもなく通貨価値の著しい下落に直面したが、1980年代半ばより安定した。	著しい	-5.468125185863718
ja_134	japanese	独立後まもなく通貨価値の著しい下落に直面したが、1980年代半ばより安定した。	直面した	-5.240483724775889
ja_135	japanese	独立後まもなく通貨価値の著しい下落に直面したが、1980年代半ばより安定した。	半ば	-5.116454505739594
ja_136	japanese	なお，実施期間（市が接種費用を助成している期間）は，１０月１日～１２月３１日となっております。	接種	-4.5060253690584045
ja_137	japanese	なお，実施期間（市が接種費用を助成している期間）は，１０月１日～１２月３１日となっております。	助成して	-5.192370364359451
ja_138	japanese	なお，実施期間（市が接種費用を助成している期間）は，１０月１日～１２月３１日となっております。	期間	-4.1264355505975345
ja_139	japanese	ラインは取り除かれ、検査され、3つが交換された。	取り除かれ	-4.838744406674536
ja_140	japanese	ラインは取り除かれ、検査され、3つが交換された。	検査され	-4.283724726189284
ja_141	japanese	ラインは取り除かれ、検査され、3つが交換された。	交換された	-4.159263001806652
ja_142	japanese	この方法により、ほとんど透明な生物細胞の内部構造を観察することが可能である。	透明な	-4.464685968297756
ja_143	japanese	この方法により、ほとんど透明な生物細胞の内部構造を観察することが可能である。	生物細胞	-4.549398531789415
ja_144	japanese	この方法により、ほとんど透明な生物細胞の内部構造を観察することが可能である。	内部構造	-4.5860614762854635
ja_145	japanese	このようにシステム面では凝っているが、その一方でシナリオが類型化した没個性的なものであることが欠点として指摘されている。	凝って	-5.0542155614719375
ja_146	japanese	このようにシステム面では凝っているが、その一方でシナリオが類型化した没個性的なものであることが欠点として指摘されている。	没個性的な	-5.953769888648976
ja_147	japanese	このようにシステム面では凝っているが、その一方でシナリオが類型化した没個性的なものであることが欠点として指摘されている。	指摘されて	-4.568115314490985
ja_148	japanese	メディアの一部では、これが本当にスポーツであるかという議論があり、多くの場合それは広く冗談であると考えられている。	メディア	-4.377521951847071
ja_149	japanese	メディアの一部では、これが本当にスポーツであるかという議論があり、多くの場合それは広く冗談であると考えられている。	議論	-4.4979788081095
ja_150	japanese	メディアの一部では、これが本当にスポーツであるかという議論があり、多くの場合それは広く冗談であると考えられている。	冗談	-4.849873754780253
ja_151	japanese	2019年、スクランブル交差点からセンター街を中心とした一帯に、渋谷区が25基の櫓（高さ1.5m）を設置。	一帯	-5.408028260409134
ja_152	japanese	2019年、スクランブル交差点からセンター街を中心とした一帯に、渋谷区が25基の櫓（高さ1.5m）を設置。	櫓	-5.880497502211871
ja_153	japanese	2019年、スクランブル交差点からセンター街を中心とした一帯に、渋谷区が25基の櫓（高さ1.5m）を設置。	設置	-4.24523415351481
ja_154	japanese	初登場時とは打って変わってクールな性格で、また、弱点がほとんどないため、女子からはモテるという。	打って変わって	-3.8991775359764924
ja_155	japanese	初登場時とは打って変わってクールな性格で、また、弱点がほとんどないため、女子からはモテるという。	クールな	-4.770846541180387
ja_156	japanese	初登場時とは打って変わってクールな性格で、また、弱点がほとんどないため、女子からはモテるという。	モテる	-4.920781080100637
ja_157	japanese	連載は100回を超え、読者からのお便りに答える新企画も実施しており精力的に活動している。	連載	-5.250130006179472
ja_158	japanese	連載は100回を超え、読者からのお便りに答える新企画も実施しており精力的に活動している。	お便り	-5.296145621254078
ja_159	japanese	連載は100回を超え、読者からのお便りに答える新企画も実施しており精力的に活動している。	精力的に	-5.730983137627155
ja_160	japanese	専門家は衛生状態の悪化について懸念を示している。	衛生状態	-5.0258726205833995
ja_161	japanese	専門家は衛生状態の悪化について懸念を示している。	悪化	-4.826489936225773
ja_162	japanese	専門家は衛生状態の悪化について懸念を示している。	懸念を示して	-4.864151156700274
ja_163	japanese	同年代でも夢を叶えている人がいると思うと、私も自分自身とちゃんと向き合わなきゃって。	叶えて	-4.980891844939341
ja_164	japanese	同年代でも夢を叶えている人がいると思うと、私も自分自身とちゃんと向き合わなきゃって。	ちゃんと	-3.594457535331753
ja_165	japanese	同年代でも夢を叶えている人がいると思うと、私も自分自身とちゃんと向き合わなきゃって。	向き合わなきゃ	-4.7998314872585555
ja_166	japanese	彼女の才能に感服したジャクソンは、アリーを次のコンサートで起用することにした。	才能	-4.7464339779350135
ja_167	japanese	彼女の才能に感服したジャクソンは、アリーを次のコンサートで起用することにした。	感服した	-6.328847014361509
ja_168	japanese	彼女の才能に感服したジャクソンは、アリーを次のコンサートで起用することにした。	起用する	-5.445695357311753
ja_169	japanese	草案が否決されれば、各派連立による現在の移行政府にとって大きな痛手となる。	草案	-6.195635751787219
ja_170	japanese	草案が否決されれば、各派連立による現在の移行政府にとって大きな痛手となる。	各派	-7.266699107612665
ja_171	japanese	草案が否決されれば、各派連立による現在の移行政府にとって大きな痛手となる。	痛手	-6.145394655659459
ja_172	japanese	いくらかの特殊なワインは、製造者の望む味を達成するために、ボトリングの前に別のワインとの混合（ブレンド）がなされる。	特殊な	-4.4775886656424335
ja_173	japanese	いくらかの特殊なワインは、製造者の望む味を達成するために、ボトリングの前に別のワインとの混合（ブレンド）がなされる。	達成する	-4.420293261688001
ja_174	japanese	いくらかの特殊なワインは、製造者の望む味を達成するために、ボトリングの前に別のワインとの混合（ブレンド）がなされる。	ボトリング	-6.689462700009734
ja_175	japanese	その結果、音声・画像・自然言語を対象とする諸問題に対し、他の手法を圧倒する高い性能を示し、2010年代に普及した。	諸問題	-5.199338901023747
ja_176	japanese	その結果、音声・画像・自然言語を対象とする諸問題に対し、他の手法を圧倒する高い性能を示し、2010年代に普及した。	圧倒する	-4.525284857115799
ja_177	japanese	その結果、音声・画像・自然言語を対象とする諸問題に対し、他の手法を圧倒する高い性能を示し、2010年代に普及した。	普及した	-4.939680929996976
ja_178	japanese	栄養バランスのとれた、規則正しい食生活をするために、次のようなことから実践してみましょう。	とれた	-4.719882354834238
ja_179	japanese	栄養バランスのとれた、規則正しい食生活をするために、次のようなことから実践してみましょう。	規則正しい	-5.030609918881698
ja_180	japanese	栄養バランスのとれた、規則正しい食生活をするために、次のようなことから実践してみましょう。	実践して	-4.635819430745174
ja_181	japanese	消費者の側も、そうした旅行業者の情報提供のやり方に慣れていると考えられます。	消費者	-4.107901198964169
ja_182	japanese	消費者の側も、そうした旅行業者の情報提供のやり方に慣れていると考えられます。	旅行業者	-4.289026299970743
ja_183	japanese	消費者の側も、そうした旅行業者の情報提供のやり方に慣れていると考えられます。	慣れて	-4.256823473900504
ja_184	japanese	太古から変わらない日の入りへの思いは、今日まで連綿と受け継がれています。	太古	-5.799337690182158
ja_185	japanese	太古から変わらない日の入りへの思いは、今日まで連綿と受け継がれています。	連綿と	-6.743820362332327
ja_186	japanese	太古から変わらない日の入りへの思いは、今日まで連綿と受け継がれています。	受け継がれて	-5.124727031705584
ja_187	japanese	しかし、2000年代の経済不況のあおりを受け、彼の会社は大半のクライアントを失い倒産。	あおり	-6.281422364433371
ja_188	japanese	しかし、2000年代の経済不況のあおりを受け、彼の会社は大半のクライアントを失い倒産。	クライアント	-5.187920172369079
ja_189	japanese	しかし、2000年代の経済不況のあおりを受け、彼の会社は大半のクライアントを失い倒産。	倒産	-5.389071842771488
ja_190	japanese	「不思議だねえ」彼はがっくりと板の間に腰をおろし、嘆息するように言いました。	がっくりと	-6.357618756931534
ja_191	japanese	「不思議だねえ」彼はがっくりと板の間に腰をおろし、嘆息するように言いました。	腰をおろし	-5.4161209383308275
ja_192	japanese	「不思議だねえ」彼はがっくりと板の間に腰をおろし、嘆息するように言いました。	嘆息する	-6.608157760332254
ja_193	japanese	迅速に適切な解決を図るために、相談窓口を活用することをお奨めします。	迅速に	-5.280425132119422
ja_194	japanese	迅速に適切な解決を図るために、相談窓口を活用することをお奨めします。	活用する	-4.22574532545481
ja_195	japanese	迅速に適切な解決を図るために、相談窓口を活用することをお奨めします。	お奨めします	-6.789577852893002
ja_196	japanese	津田氏だって、憂国の好青年だった事においては変りは無いのだ。	氏	-3.988453750699003
ja_197	japanese	津田氏だって、憂国の好青年だった事においては変りは無いのだ。	憂国の	-7.317851630060046
ja_198	japanese	津田氏だって、憂国の好青年だった事においては変りは無いのだ。	好青年	-5.023936889028944
ja_199	japanese	パイ生地で作られることで、サクサクとしたパイのように仕上がる。	パイ生地	-4.823349183013873
ja_200	japanese	パイ生地で作られることで、サクサクとしたパイのように仕上がる。	サクサクとした	-4.953769888648976
ja_201	japanese	パイ生地で作られることで、サクサクとしたパイのように仕上がる。	仕上がる	-4.747600652866054
ja_202	japanese	以降は表舞台に復帰することはなく、近年では京都にあった自宅も処分していた。	表舞台	-4.459389628487807
ja_203	japanese	以降は表舞台に復帰することはなく、近年では京都にあった自宅も処分していた。	復帰する	-4.9309070056894715
ja_204	japanese	以降は表舞台に復帰することはなく、近年では京都にあった自宅も処分していた。	処分して	-4.788934929782391
ja_205	japanese	天然ボケで大らかな性格であることもあり、周りから煙たがられている航達にも気兼ねなく話しかける。	大らかな	-6.743820362332327
ja_206	japanese	天然ボケで大らかな性格であることもあり、周りから煙たがられている航達にも気兼ねなく話しかける。	煙たがられて	-6.496665747451201
ja_207	japanese	天然ボケで大らかな性格であることもあり、周りから煙たがられている航達にも気兼ねなく話しかける。	気兼ねなく	-5.868759098940627
ja_208	japanese	一生懸命、伝わるように話したり、緊張しながら声をかけにいったり。	一生懸命	-4.48073688154454
ja_209	japanese	一生懸命、伝わるように話したり、緊張しながら声をかけにいったり。	伝わる	-4.339214681675571
ja_210	japanese	一生懸命、伝わるように話したり、緊張しながら声をかけにいったり。	緊張し	-4.419263558016096
ja_211	japanese	共同作戦を練るのは専らジェリーの役目で、持ち前の聡明な頭脳と天才的なひらめきで体力派のトムと共に巧みな連携プレーを披露する。	専ら	-6.689462700009734
ja_212	japanese	共同作戦を練るのは専らジェリーの役目で、持ち前の聡明な頭脳と天才的なひらめきで体力派のトムと共に巧みな連携プレーを披露する。	持ち前の	-6.103670321396225
ja_213	japanese	共同作戦を練るのは専らジェリーの役目で、持ち前の聡明な頭脳と天才的なひらめきで体力派のトムと共に巧みな連携プレーを披露する。	ひらめき	-5.718514497067557
ja_214	japanese	子どもから一瞬たりとも目を離さないことはできず、限界があります。	たりとも	-2.904436600405234
ja_215	japanese	子どもから一瞬たりとも目を離さないことはできず、限界があります。	離さない	-4.742086649523326
ja_216	japanese	子どもから一瞬たりとも目を離さないことはできず、限界があります。	限界	-4.583852343521659
ja_217	japanese	広い庭の林のような木立ちにかこまれて、古風なレンガ建てがぽつんと立っていた。	木立ち	-6.77378358570977
ja_218	japanese	広い庭の林のような木立ちにかこまれて、古風なレンガ建てがぽつんと立っていた。	古風な	-6.134581786377241
ja_219	japanese	広い庭の林のような木立ちにかこまれて、古風なレンガ建てがぽつんと立っていた。	ぽつんと	-6.286443165808421
ja_220	japanese	中学三年生の頃から二人でユニットを組み音楽を始める。	頃	-3.825108696950006
ja_221	japanese	中学三年生の頃から二人でユニットを組み音楽を始める。	ユニット	-4.63808315482749
ja_222	japanese	中学三年生の頃から二人でユニットを組み音楽を始める。	組み	-5.6998035333479535
ja_223	japanese	私に拒絶されて、少年たちは明らかに失望し、途方にくれた。	拒絶されて	-5.490967331352434
ja_224	japanese	私に拒絶されて、少年たちは明らかに失望し、途方にくれた。	失望し	-5.566765075174029
ja_225	japanese	私に拒絶されて、少年たちは明らかに失望し、途方にくれた。	途方にくれた	-5.692024916774335
ja_226	japanese	その結果、この技術により、多くの美容師が客単価の向上に浴することができた。	美容師	-4.671938355026201
ja_227	japanese	その結果、この技術により、多くの美容師が客単価の向上に浴することができた。	単価	-5.201409932520734
ja_228	japanese	その結果、この技術により、多くの美容師が客単価の向上に浴することができた。	浴する	-7.141760371004365
ja_229	japanese	かつては列強にも引けを取らない存在だったが、貴族達の専横もあり国力が低下している。	列強	-6.19155783936678
ja_230	japanese	かつては列強にも引けを取らない存在だったが、貴族達の専横もあり国力が低下している。	引けを取らない	-5.861106134712101
ja_231	japanese	かつては列強にも引けを取らない存在だったが、貴族達の専横もあり国力が低下している。	専横	-6.9199116213880085
ja_232	japanese	暇さえあれば眠らねばならぬような勤務が、私を待っているのだ。	さえ	-4.209244328937847
ja_233	japanese	暇さえあれば眠らねばならぬような勤務が、私を待っているのだ。	眠らねばならぬ	-4.657579207565382
ja_234	japanese	暇さえあれば眠らねばならぬような勤務が、私を待っているのだ。	勤務	-4.860158927178709
ja_235	japanese	全身が汗ばみ、ほおはほてり、心臓は異様に鼓動していた。	汗ばみ	-6.16786317356857
ja_236	japanese	全身が汗ばみ、ほおはほてり、心臓は異様に鼓動していた。	ほてり	-6.296662330990108
ja_237	japanese	全身が汗ばみ、ほおはほてり、心臓は異様に鼓動していた。	鼓動して	-5.69849738354567
ja_238	japanese	単純にボールを止められる範囲が広がり、ハイボールの処理もしやすくなるためである。	単純に	-4.401200319778979
ja_239	japanese	単純にボールを止められる範囲が広がり、ハイボールの処理もしやすくなるためである。	範囲	-4.1837941134194345
ja_240	japanese	単純にボールを止められる範囲が広がり、ハイボールの処理もしやすくなるためである。	処理	-4.161378199150722
ja_241	japanese	連日の猛暑や、節電対策のために冷感グッズを使用されるかたも増えていると思います。	猛暑	-5.7144365846471175
ja_242	japanese	連日の猛暑や、節電対策のために冷感グッズを使用されるかたも増えていると思います。	節電対策の	-5.993054912438316
ja_243	japanese	連日の猛暑や、節電対策のために冷感グッズを使用されるかたも増えていると思います。	冷感グッズ	-6.100367685846139
ja_244	japanese	ポールは13歳年上で、医学を志し、古典にも通暁した人物であった。	志し	-5.791189337049581
ja_245	japanese	ポールは13歳年上で、医学を志し、古典にも通暁した人物であった。	古典	-5.3505377117729624
ja_246	japanese	ポールは13歳年上で、医学を志し、古典にも通暁した人物であった。	通暁した	-7.375843577037733
ja_247	japanese	第2主題はほの暗く、柔和な旋律で第1ヴァイオリンによって提示される。	ほの暗く	-6.050679901657032
ja_248	japanese	第2主題はほの暗く、柔和な旋律で第1ヴァイオリンによって提示される。	柔和な	-6.408028260409134
ja_249	japanese	第2主題はほの暗く、柔和な旋律で第1ヴァイオリンによって提示される。	旋律	-5.876549343366879
ja_250	japanese	2009年7月22日、鉱物・石油相を解任され、足掛け19年に及ぶ閣僚在任に終止符を打った。	解任され	-5.939908249804262
ja_251	japanese	2009年7月22日、鉱物・石油相を解任され、足掛け19年に及ぶ閣僚在任に終止符を打った。	足掛け	-6.743820362332327
ja_252	japanese	2009年7月22日、鉱物・石油相を解任され、足掛け19年に及ぶ閣僚在任に終止符を打った。	終止符を打った	-5.7753374137783915
ja_253	japanese	斜めにさす日光が、その杉のてっぺんで淡く煙っていた。	さす	-4.727902028734338
ja_254	japanese	斜めにさす日光が、その杉のてっぺんで淡く煙っていた。	てっぺん	-5.407360628483797
ja_255	japanese	斜めにさす日光が、その杉のてっぺんで淡く煙っていた。	煙って	-6.281422364433371
ja_256	japanese	以降、翌1988年8月29日のサマースラムでアルティメット・ウォリアーに秒殺されてタイトルを失うまで、454日に渡って同王座を保持し続けた。	翌	-5.625445395226415
ja_257	japanese	以降、翌1988年8月29日のサマースラムでアルティメット・ウォリアーに秒殺されてタイトルを失うまで、454日に渡って同王座を保持し続けた。	秒殺されて	-6.789577852893002
ja_258	japanese	以降、翌1988年8月29日のサマースラムでアルティメット・ウォリアーに秒殺されてタイトルを失うまで、454日に渡って同王座を保持し続けた。	王座	-5.431360904887564
ja_259	japanese	こうした中で、別荘に由来する様々な営みが発展した。	別荘	-5.475866825469932
ja_260	japanese	こうした中で、別荘に由来する様々な営みが発展した。	由来する	-4.941959500186546
ja_261	japanese	こうした中で、別荘に由来する様々な営みが発展した。	営み	-5.878518936229783
ja_262	japanese	現在は日本におらず、海外で忙しい生活を送っている。	海外	-4.101256925227939
ja_263	japanese	現在は日本におらず、海外で忙しい生活を送っている。	忙しい	-4.449501130412077
ja_264	japanese	現在は日本におらず、海外で忙しい生活を送っている。	送って	-3.907686212866952
ja_265	japanese	何かわけがあることと察し、「ではちょっと一二時間」と云って、三時頃に買い物袋を提げて出かける。	わけ	-3.137671973407586
ja_266	japanese	何かわけがあることと察し、「ではちょっと一二時間」と云って、三時頃に買い物袋を提げて出かける。	察し	-5.7240119689787745
ja_267	japanese	何かわけがあることと察し、「ではちょっと一二時間」と云って、三時頃に買い物袋を提げて出かける。	提げて	-6.577488940565802
ja_268	japanese	その後フロストの不正が判明し判定勝ちとなるも、ベジータに対戦権を譲って棄権する流れはアニメと同じ。	判明し	-5.028932024398319
ja_269	japanese	その後フロストの不正が判明し判定勝ちとなるも、ベジータに対戦権を譲って棄権する流れはアニメと同じ。	譲って	-5.089002321841565
ja_270	japanese	その後フロストの不正が判明し判定勝ちとなるも、ベジータに対戦権を譲って棄権する流れはアニメと同じ。	棄権する	-6.281422364433371
ja_271	japanese	そのくせずいぶん部下を愛したりしたのだから、一緒に面白く遊んだこともあったのだろう。	そのくせ	-4.967846031202958
ja_272	japanese	そのくせずいぶん部下を愛したりしたのだから、一緒に面白く遊んだこともあったのだろう。	ずいぶん	-4.871664089584034
ja_273	japanese	そのくせずいぶん部下を愛したりしたのだから、一緒に面白く遊んだこともあったのだろう。	部下	-4.946783767788309
ja_274	japanese	――おまえにも罠をかけられる危険がある、だが、やはり承知してもらわなければならない。	おまえ	-4.929350791393988
ja_275	japanese	――おまえにも罠をかけられる危険がある、だが、やはり承知してもらわなければならない。	罠をかけられる	-4.941959500186546
ja_276	japanese	――おまえにも罠をかけられる危険がある、だが、やはり承知してもらわなければならない。	承知して	-4.959440843853709
ja_277	japanese	発生件数が多かったり、幼児や高齢者の重症化事例が見られたりして問題となっている食中毒があります。	幼児	-5.447155172070796
ja_278	japanese	発生件数が多かったり、幼児や高齢者の重症化事例が見られたりして問題となっている食中毒があります。	重症化	-5.027538713989572
ja_279	japanese	発生件数が多かったり、幼児や高齢者の重症化事例が見られたりして問題となっている食中毒があります。	食中毒	-5.2261846724643615
ja_280	japanese	しかし迎えに行こうか行くまいか、まだ決めかねていた。	迎え	-4.2668438965728
ja_281	japanese	しかし迎えに行こうか行くまいか、まだ決めかねていた。	行くまい	-4.717559553578257
ja_282	japanese	しかし迎えに行こうか行くまいか、まだ決めかねていた。	決めかねていた	-4.807641852970738
ja_283	japanese	この方はもう亡くなられて、息子さんの代になっている。	方	-2.5877075417290465
ja_284	japanese	この方はもう亡くなられて、息子さんの代になっている。	亡くなられて	-4.476492159605191
ja_285	japanese	この方はもう亡くなられて、息子さんの代になっている。	代	-3.9369849176171705
ja_286	japanese	欲しいものはどんな手を使っても手に入れなければ気がすまないタイプ。	手	-3.4344173363770367
ja_287	japanese	欲しいものはどんな手を使っても手に入れなければ気がすまないタイプ。	手に入れなけれ	-3.4344173363770367
ja_288	japanese	欲しいものはどんな手を使っても手に入れなければ気がすまないタイプ。	気がすまない	-3.9413202945679338
ja_289	japanese	レールの上を前後する台車に材料を置くことで一定の厚みが決まり、精度の高い直線挽きを加工できる。	台車	-5.599765335276954
ja_290	japanese	レールの上を前後する台車に材料を置くことで一定の厚みが決まり、精度の高い直線挽きを加工できる。	精度	-4.876352874473276
ja_291	japanese	レールの上を前後する台車に材料を置くことで一定の厚みが決まり、精度の高い直線挽きを加工できる。	直線挽き	-5.980392368769389
ja_292	japanese	障がい福祉サービスを利用する場合の自己負担は所得等に応じて負担上限月額が設定されます。	自己負担	-4.466822722826577
ja_293	japanese	障がい福祉サービスを利用する場合の自己負担は所得等に応じて負担上限月額が設定されます。	所得	-4.85433190665956
ja_294	japanese	障がい福祉サービスを利用する場合の自己負担は所得等に応じて負担上限月額が設定されます。	負担上限月額	-5.300818290761265
ja_295	japanese	乾燥した状態でも、4℃では8週間程度、20℃では4週間以上感染力を失わないとされている。	乾燥した	-4.516876937643422
ja_296	japanese	乾燥した状態でも、4℃では8週間程度、20℃では4週間以上感染力を失わないとされている。	感染力	-3.98855547092008
ja_297	japanese	乾燥した状態でも、4℃では8週間程度、20℃では4週間以上感染力を失わないとされている。	失わない	-4.351064803785222
ja_298	japanese	「あぶないぞ」と人垣の中からどなる者があった、「やめろ、ぶしゅう」	ぞ	-3.450111688741557
ja_299	japanese	「あぶないぞ」と人垣の中からどなる者があった、「やめろ、ぶしゅう」	人垣	-6.965669111948683
ja_300	japanese	「あぶないぞ」と人垣の中からどなる者があった、「やめろ、ぶしゅう」	どなる	-4.066578516385673
ja_301	japanese	元々普通のゲームとして開発されたものでも、何らかの学習的側面を持つものがある。	開発された	-4.0149257402886445
ja_302	japanese	元々普通のゲームとして開発されたものでも、何らかの学習的側面を持つものがある。	何らかの	-3.282141792232184
ja_303	japanese	元々普通のゲームとして開発されたものでも、何らかの学習的側面を持つものがある。	学習的側面	-4.7415102798542526
ja_304	japanese	住民の反対にもかかわらず計画は進み、2003年には建設が開始され、2005年に施設は完成した。	にもかかわらず	-4.735078287454654
ja_305	japanese	住民の反対にもかかわらず計画は進み、2003年には建設が開始され、2005年に施設は完成した。	建設	-4.44920719166522
ja_306	japanese	住民の反対にもかかわらず計画は進み、2003年には建設が開始され、2005年に施設は完成した。	施設	-4.136365339117658
ja_307	japanese	傷つけられないうちに、早く、このまま、わかれたいとあせり、れいのお道化の煙幕を張りめぐらすのでした。	あせり	-7.22094161705199
ja_308	japanese	傷つけられないうちに、早く、このまま、わかれたいとあせり、れいのお道化の煙幕を張りめぐらすのでした。	お道化	-5.963263042182805
ja_309	japanese	傷つけられないうちに、早く、このまま、わかれたいとあせり、れいのお道化の煙幕を張りめぐらすのでした。	張りめぐらす	-7.179548931893764
ja_310	japanese	ご自宅で利用できるガスの種類は、ガス事業者に確認してください。	ご自宅	-4.521537535236652
ja_311	japanese	ご自宅で利用できるガスの種類は、ガス事業者に確認してください。	利用できる	-3.8292832883295143
ja_312	japanese	ご自宅で利用できるガスの種類は、ガス事業者に確認してください。	ガス事業者	-4.43234906113163
ja_313	japanese	2003年からは事実上のリーダーとなり、チームにとってなくてはならない存在に。	事実上の	-4.284126385854356
ja_314	japanese	2003年からは事実上のリーダーとなり、チームにとってなくてはならない存在に。	リーダー	-4.452155570143975
ja_315	japanese	2003年からは事実上のリーダーとなり、チームにとってなくてはならない存在に。	なくてはならない	-2.242375384135259
ja_316	japanese	この短刀も談話室の飾り棚にある中の一つであった。	短刀	-5.9956323353261265
ja_317	japanese	この短刀も談話室の飾り棚にある中の一つであった。	談話室	-5.616715563967519
ja_318	japanese	この短刀も談話室の飾り棚にある中の一つであった。	飾り棚	-6.548843759116272
ja_319	japanese	久しぶりに一人になって、寝転んで本など見ていると、思いがけなく宿の主人が入って来て辞儀をした。	寝転んで	-6.016821634396065
ja_320	japanese	久しぶりに一人になって、寝転んで本など見ていると、思いがけなく宿の主人が入って来て辞儀をした。	思いがけなく	-5.695896810015144
ja_321	japanese	久しぶりに一人になって、寝転んで本など見ていると、思いがけなく宿の主人が入って来て辞儀をした。	辞儀	-5.5915320179492705
ja_322	japanese	リズとは対照的に純和風ないでたちであり、日本古来の文化にも詳しい。	対照的に	-5.44496728592262
ja_323	japanese	リズとは対照的に純和風ないでたちであり、日本古来の文化にも詳しい。	純和風な	-5.309784008312013
ja_324	japanese	リズとは対照的に純和風ないでたちであり、日本古来の文化にも詳しい。	いでたち	-6.789577852893002
ja_325	japanese	しかし、職場でのトラブルをきっかけに、仕事を無断で休みがちになり、解雇されてしまいました。	職場	-4.661394061471555
ja_326	japanese	しかし、職場でのトラブルをきっかけに、仕事を無断で休みがちになり、解雇されてしまいました。	無断で	-5.7928068230232
ja_327	japanese	しかし、職場でのトラブルをきっかけに、仕事を無断で休みがちになり、解雇されてしまいました。	解雇されて	-5.494214408025417
ja_328	japanese	そうしてその洪水の中を異常に真剣な顔つきで、泳ぎまわっている青年男女の大群ではなかったろうか。	顔つき	-5.612415583474795
ja_329	japanese	そうしてその洪水の中を異常に真剣な顔つきで、泳ぎまわっている青年男女の大群ではなかったろうか。	泳ぎまわって	-7.044850357996308
ja_330	japanese	そうしてその洪水の中を異常に真剣な顔つきで、泳ぎまわっている青年男女の大群ではなかったろうか。	大群	-5.807641852970738
ja_331	japanese	また、気圧の関係でボールのスピードや飛距離が変わり、感覚のずれを口にする日本代表選手もいた。	飛距離	-5.358214088734015
ja_332	japanese	また、気圧の関係でボールのスピードや飛距離が変わり、感覚のずれを口にする日本代表選手もいた。	ずれ	-5.588484324867265
ja_333	japanese	また、気圧の関係でボールのスピードや飛距離が変わり、感覚のずれを口にする日本代表選手もいた。	口にする	-3.8679106412867084
ja_334	japanese	そのような問題点はあったにせよ彼らはこの案を受け入れた。	にせよ	-1.6780559654638072
ja_335	japanese	そのような問題点はあったにせよ彼らはこの案を受け入れた。	案	-4.522754047185867
ja_336	japanese	そのような問題点はあったにせよ彼らはこの案を受け入れた。	受け入れた	-4.460443741825463
ja_337	japanese	なぜ、古代において女性がこのように力強く活躍したのであろうか？	古代	-4.766859346320899
ja_338	japanese	なぜ、古代において女性がこのように力強く活躍したのであろうか？	力強く	-4.946783767788309
ja_339	japanese	なぜ、古代において女性がこのように力強く活躍したのであろうか？	活躍した	-4.302229951669668
ja_340	japanese	大学卒業後一旦地元に戻り、他の仕事をしながら機会を伺う。	一旦	-4.1759317561461655
ja_341	japanese	大学卒業後一旦地元に戻り、他の仕事をしながら機会を伺う。	地元	-4.466822722826577
ja_342	japanese	大学卒業後一旦地元に戻り、他の仕事をしながら機会を伺う。	伺う	-4.496829663090777
ja_343	japanese	これからも「教える、教えられるフラットな関係」で、お互いを尊重しあう関係づくりが重要であると感じています。	フラットな	-4.797040698523572
ja_344	japanese	これからも「教える、教えられるフラットな関係」で、お互いを尊重しあう関係づくりが重要であると感じています。	尊重し	-5.019544492731538
ja_345	japanese	これからも「教える、教えられるフラットな関係」で、お互いを尊重しあう関係づくりが重要であると感じています。	関係づくり	-4.884682065037796
ja_346	japanese	特に、依存症に陥っている場合は、本人の意思や家族の努力だけで解決するのは困難です。	依存症	-4.737069162829316
ja_347	japanese	特に、依存症に陥っている場合は、本人の意思や家族の努力だけで解決するのは困難です。	陥って	-4.875371860995597
ja_348	japanese	特に、依存症に陥っている場合は、本人の意思や家族の努力だけで解決するのは困難です。	意思	-4.703218022218254
ja_349	japanese	ここでは通常、広告やリンクについてより詳細に書かれたコンテンツが表示される。	通常	-4.185431831962431
ja_350	japanese	ここでは通常、広告やリンクについてより詳細に書かれたコンテンツが表示される。	詳細に	-4.447886923687727
ja_351	japanese	ここでは通常、広告やリンクについてより詳細に書かれたコンテンツが表示される。	コンテンツ	-4.569469764852947
ja_352	japanese	神石地区の中心部と集落とを結ぶ県道の拡幅整備を県に要望したが、通行台数が見込めないことから望み薄との状況であった。	集落	-5.148324140506753
ja_353	japanese	神石地区の中心部と集落とを結ぶ県道の拡幅整備を県に要望したが、通行台数が見込めないことから望み薄との状況であった。	見込めない	-5.659840233402933
ja_354	japanese	神石地区の中心部と集落とを結ぶ県道の拡幅整備を県に要望したが、通行台数が見込めないことから望み薄との状況であった。	望み薄	-6.942188016099161
ja_355	japanese	町に足を踏み入れながら、ふっとそんな言葉が浮んで来た。	足を踏み入れ	-5.681865518259213
ja_356	japanese	町に足を踏み入れながら、ふっとそんな言葉が浮んで来た。	ふっと	-5.088041847107506
ja_357	japanese	町に足を踏み入れながら、ふっとそんな言葉が浮んで来た。	浮んで	-6.317851630060046
ja_358	japanese	建築家たちのなすべきことは、ランファンの意図したデザインの壮大な仕上げをすることであると考えられた。	なすべき	-4.512011081245373
ja_359	japanese	建築家たちのなすべきことは、ランファンの意図したデザインの壮大な仕上げをすることであると考えられた。	意図した	-4.771308966581915
ja_360	japanese	建築家たちのなすべきことは、ランファンの意図したデザインの壮大な仕上げをすることであると考えられた。	壮大な	-5.361803319757459
ja_361	japanese	喉は白く、腹部は汚白色で脇にかけて茶色くなり、胸に黒い斑点がある。	腹部	-5.767623277004952
ja_362	japanese	喉は白く、腹部は汚白色で脇にかけて茶色くなり、胸に黒い斑点がある。	汚白色	-6.3344508918795075
ja_363	japanese	喉は白く、腹部は汚白色で脇にかけて茶色くなり、胸に黒い斑点がある。	斑点	-5.902878282089228
ja_364	japanese	その他に所有している武器はプレイヤーの馬に保管し、プレイヤーと馬とのつながりを強化する方法になった。	所有して	-4.789899671716104
ja_365	japanese	その他に所有している武器はプレイヤーの馬に保管し、プレイヤーと馬とのつながりを強化する方法になった。	つながり	-4.84564387883465
ja_366	japanese	その他に所有している武器はプレイヤーの馬に保管し、プレイヤーと馬とのつながりを強化する方法になった。	強化する	-4.232338073706326
ja_367	japanese	ジャケットにチノという黒尽くめの格好をしていつも教会にいるものの、教会関係者ではない。	チノ	-6.134581786377241
ja_368	japanese	ジャケットにチノという黒尽くめの格好をしていつも教会にいるものの、教会関係者ではない。	黒尽くめ	-7.044850357996308
ja_369	japanese	ジャケットにチノという黒尽くめの格好をしていつも教会にいるものの、教会関係者ではない。	格好	-4.620731310642661
ja_370	japanese	敢えて典型的なアイドル路線とも言えるこの曲が選ばれることになった。	敢えて	-5.5946012496769475
ja_371	japanese	敢えて典型的なアイドル路線とも言えるこの曲が選ばれることになった。	典型的な	-5.307127764668273
ja_372	japanese	敢えて典型的なアイドル路線とも言えるこの曲が選ばれることになった。	アイドル路線	-4.7305616970488105
ja_373	japanese	総延長550kmにもおよぶ坑道から鉱石を運び出すトロッコ軌道をめぐらせ、地下1,000mの奥底へとつながっています。	坑道	-6.442790366668346
ja_374	japanese	総延長550kmにもおよぶ坑道から鉱石を運び出すトロッコ軌道をめぐらせ、地下1,000mの奥底へとつながっています。	トロッコ	-5.471205301482929
ja_375	japanese	総延長550kmにもおよぶ坑道から鉱石を運び出すトロッコ軌道をめぐらせ、地下1,000mの奥底へとつながっています。	軌道	-4.98693079946481
ja_376	japanese	この地域のブドウ栽培に関する初の言及は12世紀に遡る。	栽培	-4.926034706446797
ja_377	japanese	この地域のブドウ栽培に関する初の言及は12世紀に遡る。	言及	-5.112376593319155
ja_378	japanese	この地域のブドウ栽培に関する初の言及は12世紀に遡る。	遡る	-5.42645357039282
ja_379	japanese	皮膚だけでなく、かなり深く切り、血の量も相当で、すぐ病院に行っている。	皮膚	-4.706792482576552
ja_380	japanese	皮膚だけでなく、かなり深く切り、血の量も相当で、すぐ病院に行っている。	切り	-4.794267729030617
ja_381	japanese	皮膚だけでなく、かなり深く切り、血の量も相当で、すぐ病院に行っている。	相当で	-4.333549398080143
ja_382	japanese	直径4cm未満のものは子供の周りに置かないようにしましょう。	直径	-5.113053591869191
ja_383	japanese	直径4cm未満のものは子供の周りに置かないようにしましょう。	未満の	-5.02366105892637
ja_384	japanese	直径4cm未満のものは子供の周りに置かないようにしましょう。	周り	-3.9096964961737815
ja_385	japanese	医療機関の受診に先立って居場所を利用することができる。	医療機関	-4.287910121949584
ja_386	japanese	医療機関の受診に先立って居場所を利用することができる。	に先立って	-5.586464346891258
ja_387	japanese	医療機関の受診に先立って居場所を利用することができる。	利用する	-3.8292832883295143
ja_388	japanese	追手が来るという不安が次第にはっきりした形をとって胸の中に今拡がり始めたのである。	追手	-6.301863524675915
ja_389	japanese	追手が来るという不安が次第にはっきりした形をとって胸の中に今拡がり始めたのである。	次第に	-4.491533820088922
ja_390	japanese	追手が来るという不安が次第にはっきりした形をとって胸の中に今拡がり始めたのである。	はっきりした	-4.318231804082112
ja_391	japanese	下積み時代は実家からの仕送りがあったためバイトは小遣い稼ぎ程度で、明治記念館の結婚式場での配膳などをしていた。	下積み	-6.286443165808421
ja_392	japanese	下積み時代は実家からの仕送りがあったためバイトは小遣い稼ぎ程度で、明治記念館の結婚式場での配膳などをしていた。	仕送り	-6.234169882785745
ja_393	japanese	下積み時代は実家からの仕送りがあったためバイトは小遣い稼ぎ程度で、明治記念館の結婚式場での配膳などをしていた。	配膳	-6.138156246735539
ja_394	japanese	また、年を重ねると、いくつもの病気を抱え、何種類も薬を飲んでいる人も少なくありません。	年を重ねる	-4.416597698572123
ja_395	japanese	また、年を重ねると、いくつもの病気を抱え、何種類も薬を飲んでいる人も少なくありません。	いくつもの	-2.9248734435175052
ja_396	japanese	また、年を重ねると、いくつもの病気を抱え、何種類も薬を飲んでいる人も少なくありません。	抱え	-6.257153789706434
ja_397	japanese	ザクザクとした食感で、簡単に食べられて時間短縮になり、ヘルシーで栄養がとれることから、主に朝食に用いられる。	ザクザクとした	-5.697195150240425
ja_398	japanese	ザクザクとした食感で、簡単に食べられて時間短縮になり、ヘルシーで栄養がとれることから、主に朝食に用いられる。	時間短縮になり	-4.9990060172239845
ja_399	japanese	ザクザクとした食感で、簡単に食べられて時間短縮になり、ヘルシーで栄養がとれることから、主に朝食に用いられる。	主に	-4.5474599199786425
ja_400	japanese	息子や孫などになりすました犯人から電話があり、仕事に関するトラブルなどを口実に、お金を要求する詐欺です。	なりすました	-5.89872232231807
ja_401	japanese	息子や孫などになりすました犯人から電話があり、仕事に関するトラブルなどを口実に、お金を要求する詐欺です。	犯人	-4.685647497009219
ja_402	japanese	息子や孫などになりすました犯人から電話があり、仕事に関するトラブルなどを口実に、お金を要求する詐欺です。	を口実に	-5.842543716103852
ja_403	japanese	彼は自分が獲得したメダルの多くを、家族の生計を支えるために売却した。	獲得した	-4.443224878442363
ja_404	japanese	彼は自分が獲得したメダルの多くを、家族の生計を支えるために売却した。	生計	-5.911311449626091
ja_405	japanese	彼は自分が獲得したメダルの多くを、家族の生計を支えるために売却した。	売却した	-4.997445676089595
ja_406	japanese	この取組のすばらしいところは，作業工程を細かく分けることができるため，様々特性のある方に参加してもらうことができること。	取組	-5.156858181088394
ja_407	japanese	この取組のすばらしいところは，作業工程を細かく分けることができるため，様々特性のある方に参加してもらうことができること。	作業工程	-4.753185565807956
ja_408	japanese	この取組のすばらしいところは，作業工程を細かく分けることができるため，様々特性のある方に参加してもらうことができること。	特性	-4.775960504964045
ja_409	japanese	その際のパフォーマンスが話題となり、各スポーツ新聞等で取り上げられる。	パフォーマンス	-4.623904952074336
ja_410	japanese	その際のパフォーマンスが話題となり、各スポーツ新聞等で取り上げられる。	話題	-4.304119332456078
ja_411	japanese	その際のパフォーマンスが話題となり、各スポーツ新聞等で取り上げられる。	取り上げられる	-4.613057872694999
ja_412	japanese	「私は神への信仰を持つことが愚かなことであるとわかった」そして、彼はそれ以降犠牲祭を決して実行しなかった。	愚かな	-5.321668429734386
ja_413	japanese	「私は神への信仰を持つことが愚かなことであるとわかった」そして、彼はそれ以降犠牲祭を決して実行しなかった。	犠牲祭	-4.814571781582722
ja_414	japanese	「私は神への信仰を持つことが愚かなことであるとわかった」そして、彼はそれ以降犠牲祭を決して実行しなかった。	決して	-4.459239249510577
ja_415	japanese	山麓では比類ない巨大庭園を持った迎賓館が造られた。	山麓	-6.141760371004365
ja_416	japanese	山麓では比類ない巨大庭園を持った迎賓館が造られた。	比類ない	-6.513371440954053
ja_417	japanese	山麓では比類ない巨大庭園を持った迎賓館が造られた。	迎賓館	-6.64115802043518
ja_418	japanese	また、振込口座は、請求者欄に記載の親権者の口座を指定してください。	振込	-5.861106134712101
ja_419	japanese	また、振込口座は、請求者欄に記載の親権者の口座を指定してください。	記載の	-4.620404322687521
ja_420	japanese	また、振込口座は、請求者欄に記載の親権者の口座を指定してください。	親権者	-5.911311449626091
ja_421	japanese	一連の動機が次々に示され、快活だがせわしない印象もある。	一連の	-5.17327742245043
ja_422	japanese	一連の動機が次々に示され、快活だがせわしない印象もある。	快活だ	-5.9680885860720965
ja_423	japanese	一連の動機が次々に示され、快活だがせわしない印象もある。	せわしない	-6.539700379676402
ja_424	japanese	大雪の際に強い味方となる除雪機ですが、誤った使い方をすると命を落とす危険もあります。	大雪	-5.651567707436944
ja_425	japanese	大雪の際に強い味方となる除雪機ですが、誤った使い方をすると命を落とす危険もあります。	味方	-4.491857860008378
ja_426	japanese	大雪の際に強い味方となる除雪機ですが、誤った使い方をすると命を落とす危険もあります。	命を落とす	-4.197647994015385
ja_427	japanese	昔貧乏だった頃の癖が抜けないのか、何かと出費をケチる。	貧乏だった	-5.146490898097398
ja_428	japanese	昔貧乏だった頃の癖が抜けないのか、何かと出費をケチる。	何かと	-2.6845384877758405
ja_429	japanese	昔貧乏だった頃の癖が抜けないのか、何かと出費をケチる。	ケチる	-5.88448188320346
ja_430	japanese	思い出のこもったドレスで出演しようと夢見るが、テレビ漬けで太った身体では着ることができない。	思い出のこもった	-5.157233057660572
ja_431	japanese	思い出のこもったドレスで出演しようと夢見るが、テレビ漬けで太った身体では着ることができない。	出演しよう	-4.513286293520802
ja_432	japanese	思い出のこもったドレスで出演しようと夢見るが、テレビ漬けで太った身体では着ることができない。	漬け	-5.259995421318158
ja_433	japanese	当時には日本で唯一の、全ての授業を英語で行うという大学であった。	当時	-4.002301095638141
ja_434	japanese	当時には日本で唯一の、全ての授業を英語で行うという大学であった。	唯一の	-4.548474303983907
ja_435	japanese	当時には日本で唯一の、全ての授業を英語で行うという大学であった。	授業	-4.294650630167126
ja_436	japanese	中国では年に400万匹の猫が食べられており、その消費は増加傾向にある。	匹	-4.26338221515451
ja_437	japanese	中国では年に400万匹の猫が食べられており、その消費は増加傾向にある。	消費	-4.107901198964169
ja_438	japanese	中国では年に400万匹の猫が食べられており、その消費は増加傾向にある。	増加傾向にある	-4.558467113301679
ja_439	japanese	ですから、こんどの場合には、この方法は除外しなければならないのです。	こんど	-5.352297178657164
ja_440	japanese	ですから、こんどの場合には、この方法は除外しなければならないのです。	方法	-3.6648321789604323
ja_441	japanese	ですから、こんどの場合には、この方法は除外しなければならないのです。	除外しなければならない	-5.310317212162788
ja_442	japanese	「そうしてくださる？でも、尾行される心配があるわ。よほど注意しないと」	くださる	-2.9456924736023855
ja_443	japanese	「そうしてくださる？でも、尾行される心配があるわ。よほど注意しないと」	尾行される	-5.89872232231807
ja_444	japanese	「そうしてくださる？でも、尾行される心配があるわ。よほど注意しないと」	よほど	-5.336712847419386
ja_445	japanese	スタッフと一緒に作ったお菓子などを食べながら意見交換ができる。	スタッフ	-4.322765133554313
ja_446	japanese	スタッフと一緒に作ったお菓子などを食べながら意見交換ができる。	お菓子	-4.401726817169605
ja_447	japanese	スタッフと一緒に作ったお菓子などを食べながら意見交換ができる。	意見交換	-4.159263001806652
ja_448	japanese	ところが、一週間ほど経って、なんでも雪のひどく降っている夜だった。	ところが	-2.8369432398970136
ja_449	japanese	ところが、一週間ほど経って、なんでも雪のひどく降っている夜だった。	なんでも	-2.8707168651168553
ja_450	japanese	ところが、一週間ほど経って、なんでも雪のひどく降っている夜だった。	ひどく	-4.317688800158031
ja_451	japanese	また宮城県内に現存する最古の擬洋風建築であり、仙台市の指定文化財となっている。	現存する	-5.794430355687414
ja_452	japanese	また宮城県内に現存する最古の擬洋風建築であり、仙台市の指定文化財となっている。	擬洋風建築	-6.307127764668273
ja_453	japanese	また宮城県内に現存する最古の擬洋風建築であり、仙台市の指定文化財となっている。	指定文化財	-5.11035190675274
ja_454	japanese	離婚に向けての話し合いの席で、慰謝料の減額を要求する夫に対し、逆にもう100万円上乗せするよう吹っかける。	慰謝料	-5.807641852970738
ja_455	japanese	離婚に向けての話し合いの席で、慰謝料の減額を要求する夫に対し、逆にもう100万円上乗せするよう吹っかける。	上乗せする	-5.6731669116641665
ja_456	japanese	離婚に向けての話し合いの席で、慰謝料の減額を要求する夫に対し、逆にもう100万円上乗せするよう吹っかける。	吹っかける	-6.9199116213880085
ja_457	japanese	仲間たちを心から信頼しており、自由すぎるメンバーに手を焼きつつも、常にチームのことを一番に考える。	仲間	-4.181686173245503
ja_458	japanese	仲間たちを心から信頼しており、自由すぎるメンバーに手を焼きつつも、常にチームのことを一番に考える。	手を焼きつつも	-4.227637679132515
ja_459	japanese	仲間たちを心から信頼しており、自由すぎるメンバーに手を焼きつつも、常にチームのことを一番に考える。	常に	-4.190099114227072
ja_460	japanese	かれの理性はそれを否定したけれども、眼前の事実をどうすることもできなかった。	理性	-5.387794505139205
ja_461	japanese	かれの理性はそれを否定したけれども、眼前の事実をどうすることもできなかった。	けれども	-3.116915676255129
ja_462	japanese	かれの理性はそれを否定したけれども、眼前の事実をどうすることもできなかった。	眼前	-6.120571071934426
ja_463	japanese	物語を考え、その話に記憶したい対象を登場させる方法である。	記憶したい	-4.229051313115964
ja_464	japanese	物語を考え、その話に記憶したい対象を登場させる方法である。	対象	-4.200746127298795
ja_465	japanese	物語を考え、その話に記憶したい対象を登場させる方法である。	登場させる	-4.114546713921563
ja_466	japanese	老人が客を連れてここにいることを、よく知っている様子である。	老人	-4.828244663792324
ja_467	japanese	老人が客を連れてここにいることを、よく知っている様子である。	客	-3.8622835484324396
ja_468	japanese	老人が客を連れてここにいることを、よく知っている様子である。	様子	-4.063877916669366
ja_469	japanese	市道幹線道路は，降雪量やわだちなど交通に支障があると判断されるときに，除雪等を行います。	わだち	-7.22094161705199
ja_470	japanese	市道幹線道路は，降雪量やわだちなど交通に支障があると判断されるときに，除雪等を行います。	支障	-5.335580397020477
ja_471	japanese	市道幹線道路は，降雪量やわだちなど交通に支障があると判断されるときに，除雪等を行います。	除雪	-5.797695743115182
ja_472	japanese	激動の日々を経て、復興を遂げた昭和の時代を顧み、国の将来に思いをいたす。	激動の	-6.011426602509358
ja_473	japanese	激動の日々を経て、復興を遂げた昭和の時代を顧み、国の将来に思いをいたす。	遂げた	-5.311385587810814
ja_474	japanese	激動の日々を経て、復興を遂げた昭和の時代を顧み、国の将来に思いをいたす。	顧み	-7.521971612715971
ja_475	japanese	料理の名前や調理法を驚くべき早さでマスターした。	調理法	-4.722631063262389
ja_476	japanese	料理の名前や調理法を驚くべき早さでマスターした。	驚くべき	-4.34104329272198
ja_477	japanese	料理の名前や調理法を驚くべき早さでマスターした。	マスターした	-4.599661449501575
ja_478	japanese	ますさんは子供のシャツの繕いに全神経を集中することで、辛うじて自己克服に成功した。	繕い	-7.317851630060046
ja_479	japanese	ますさんは子供のシャツの繕いに全神経を集中することで、辛うじて自己克服に成功した。	辛うじて	-6.3517098973210135
ja_480	japanese	ますさんは子供のシャツの繕いに全神経を集中することで、辛うじて自己克服に成功した。	自己克服	-5.206001267259053
ja_481	japanese	これらの手形の処理で日本銀行が損失を被った場合は1億円を限りに政府が補償する。	被った	-4.8816889830192896
ja_482	japanese	これらの手形の処理で日本銀行が損失を被った場合は1億円を限りに政府が補償する。	を限りに	-4.2515723053184615
ja_483	japanese	これらの手形の処理で日本銀行が損失を被った場合は1億円を限りに政府が補償する。	補償する	-5.3795821465971345
ja_484	japanese	また、思想内容の変遷は漸次変化するものであるから、明確な時間で区切ることはできないとする学説も存在する。	変遷	-6.044850357996308
ja_485	japanese	また、思想内容の変遷は漸次変化するものであるから、明確な時間で区切ることはできないとする学説も存在する。	漸次	-7.22094161705199
ja_486	japanese	また、思想内容の変遷は漸次変化するものであるから、明確な時間で区切ることはできないとする学説も存在する。	区切る	-5.3727525000605905
ja_487	japanese	これらの異常現象に見舞われた人間はうろたえ、無力さをさらけ出す。	見舞われた	-5.577488940565802
ja_488	japanese	これらの異常現象に見舞われた人間はうろたえ、無力さをさらけ出す。	うろたえ	-6.34588035366029
ja_489	japanese	これらの異常現象に見舞われた人間はうろたえ、無力さをさらけ出す。	さらけ出す	-6.081062530650753
ja_490	japanese	いや、涙よごれの顔よりも、じつは若い清盛の身なりの方が、およそ人目を引くものだった。	涙よごれの	-7.106998264745153
ja_491	japanese	いや、涙よごれの顔よりも、じつは若い清盛の身なりの方が、およそ人目を引くものだった。	身なり	-5.9956323353261265
ja_492	japanese	いや、涙よごれの顔よりも、じつは若い清盛の身なりの方が、およそ人目を引くものだった。	人目を引く	-5.567729103276646
ja_493	japanese	近年のアウトドアブームで、登山を始めた方や機会が増えた方もいらっしゃると思います。	近年	-5.010355592146833
ja_494	japanese	近年のアウトドアブームで、登山を始めた方や機会が増えた方もいらっしゃると思います。	アウトドアブーム	-5.196045656944505
ja_495	japanese	近年のアウトドアブームで、登山を始めた方や機会が増えた方もいらっしゃると思います。	登山	-4.937866642316518
ja_496	japanese	刺激が強く急激に催し、また悪寒や吐き気などといった症状を誘発させる場合もある。	催し	-6.044850357996308
ja_497	japanese	刺激が強く急激に催し、また悪寒や吐き気などといった症状を誘発させる場合もある。	悪寒	-6.328847014361509
ja_498	japanese	刺激が強く急激に催し、また悪寒や吐き気などといった症状を誘発させる場合もある。	誘発させる	-5.554423636497108
ja_499	japanese	いまだ真価を究めざるうちに、向うみずに追っ払うというのは、芸能人の心構に反するところじゃないか」	究めざる	-6.859213781034397
ja_500	japanese	いまだ真価を究めざるうちに、向うみずに追っ払うというのは、芸能人の心構に反するところじゃないか」	向うみずに	-5.817821095876171
ja_501	japanese	いまだ真価を究めざるうちに、向うみずに追っ払うというのは、芸能人の心構に反するところじゃないか」	追っ払う	-6.480578927557746
ja_502	japanese	原爆投下と同時刻の8時15分には、参加者全員が1分間黙祷して犠牲者の冥福を祈った。	黙祷して	-6.216620243269347
ja_503	japanese	原爆投下と同時刻の8時15分には、参加者全員が1分間黙祷して犠牲者の冥福を祈った。	犠牲者	-4.814571781582722
ja_504	japanese	原爆投下と同時刻の8時15分には、参加者全員が1分間黙祷して犠牲者の冥福を祈った。	冥福	-5.846193271041885
ja_505	japanese	ジェネリック医薬品を希望する場合、病院・診療所・保険薬局で医師・薬剤師にそのことを伝えてください。	ジェネリック医薬品	-6.3344508918795075
ja_506	japanese	ジェネリック医薬品を希望する場合、病院・診療所・保険薬局で医師・薬剤師にそのことを伝えてください。	医師	-4.575322878809295
ja_507	japanese	ジェネリック医薬品を希望する場合、病院・診療所・保険薬局で医師・薬剤師にそのことを伝えてください。	薬剤師	-5.331079895793801
ja_508	japanese	この夜の酒宴は、今後の対策の協議という名目だったのですが、ろくに結論も出ずに終った。	酒宴	-6.530745537023476
ja_509	japanese	この夜の酒宴は、今後の対策の協議という名目だったのですが、ろくに結論も出ずに終った。	名目	-5.6562755527999
ja_510	japanese	この夜の酒宴は、今後の対策の協議という名目だったのですが、ろくに結論も出ずに終った。	ろくに	-5.892562013613252
ja_511	japanese	彼は左手で、筒の中から豚の毛をひょいとつまみあげる。	筒	-5.471978755795828
ja_512	japanese	彼は左手で、筒の中から豚の毛をひょいとつまみあげる。	ひょいと	-6.100367685846139
ja_513	japanese	彼は左手で、筒の中から豚の毛をひょいとつまみあげる。	つまみあげる	-6.942188016099161
ja_514	japanese	健康自体の考え方がかなり広い意味があるため、様々な形での健康管理システムが考えられている。	自体	-4.009313893883373
ja_515	japanese	健康自体の考え方がかなり広い意味があるため、様々な形での健康管理システムが考えられている。	広い	-4.001095231027628
ja_516	japanese	健康自体の考え方がかなり広い意味があるため、様々な形での健康管理システムが考えられている。	様々な	-4.1253887210325875
ja_517	japanese	商業出版の世界に初めて入ったときの仕事は電話帳を編集することだった。	商業出版	-5.103338925361905
ja_518	japanese	商業出版の世界に初めて入ったときの仕事は電話帳を編集することだった。	電話帳	-5.111363070147603
ja_519	japanese	商業出版の世界に初めて入ったときの仕事は電話帳を編集することだった。	編集する	-4.163922492729223
ja_520	japanese	映像自体は1983年に既に完成していたが、実際にテレビ放送されたのは、それから2年後となった。	映像	-4.077115226212428
ja_521	japanese	映像自体は1983年に既に完成していたが、実際にテレビ放送されたのは、それから2年後となった。	既に	-4.526073289069533
ja_522	japanese	映像自体は1983年に既に完成していたが、実際にテレビ放送されたのは、それから2年後となった。	完成して	-3.9538872814005765
ja_523	japanese	脂肪が多い肉を食べ続けたところ、「バランスの取れた食事」を取っていたときよりも健康体となった。	脂肪	-4.806971645303928
ja_524	japanese	脂肪が多い肉を食べ続けたところ、「バランスの取れた食事」を取っていたときよりも健康体となった。	バランスの取れた	-4.153275735077741
ja_525	japanese	脂肪が多い肉を食べ続けたところ、「バランスの取れた食事」を取っていたときよりも健康体となった。	健康体	-4.124553070364623
ja_526	japanese	同時に、市場分析は市場の魅力を判断することでもあります。	市場分析	-4.378020496292007
ja_527	japanese	同時に、市場分析は市場の魅力を判断することでもあります。	魅力	-4.188766240090627
ja_528	japanese	同時に、市場分析は市場の魅力を判断することでもあります。	判断する	-4.124796635757645
ja_529	japanese	部隊に見捨てられ歩兵に包囲されてもなお抗戦するがついに降服する。	歩兵	-5.359407206192952
ja_530	japanese	部隊に見捨てられ歩兵に包囲されてもなお抗戦するがついに降服する。	抗戦する	-6.435611782041223
ja_531	japanese	部隊に見捨てられ歩兵に包囲されてもなお抗戦するがついに降服する。	降服する	-7.442790366668346
ja_532	japanese	両手をついて、地面に腹ばいになって、ほんとうに巨大なヘビのかっこうで、女のくちびるをむさぼった。	腹ばい	-6.9199116213880085
ja_533	japanese	両手をついて、地面に腹ばいになって、ほんとうに巨大なヘビのかっこうで、女のくちびるをむさぼった。	巨大な	-4.5039372100114425
ja_534	japanese	両手をついて、地面に腹ばいになって、ほんとうに巨大なヘビのかっこうで、女のくちびるをむさぼった。	むさぼった	-6.328847014361509
ja_535	japanese	日本経済新聞によると、フロリダ半島では、ハリケーンから避難する自動車により高速道路が渋滞している。	ハリケーン	-5.953769888648976
ja_536	japanese	日本経済新聞によると、フロリダ半島では、ハリケーンから避難する自動車により高速道路が渋滞している。	避難する	-4.560740415671307
ja_537	japanese	日本経済新聞によると、フロリダ半島では、ハリケーンから避難する自動車により高速道路が渋滞している。	渋滞して	-5.07980552693125
ja_538	japanese	前述の通り茅野市は八ヶ岳連峰に入っており、登山の足掛かりとなる場所です。	前述の	-5.584453720698624
ja_539	japanese	前述の通り茅野市は八ヶ岳連峰に入っており、登山の足掛かりとなる場所です。	連峰	-6.394866814351163
ja_540	japanese	前述の通り茅野市は八ヶ岳連峰に入っており、登山の足掛かりとなる場所です。	足掛かり	-6.5581837853704155
ja_541	japanese	「あら、日曜なんかで、混雑すること、ありませんのよ。山奥ですもの」	なんかで	-2.8707168651168553
ja_542	japanese	「あら、日曜なんかで、混雑すること、ありませんのよ。山奥ですもの」	混雑する	-5.260946778723573
ja_543	japanese	「あら、日曜なんかで、混雑すること、ありませんのよ。山奥ですもの」	山奥	-5.588484324867265
ja_544	japanese	警察大学のやり方にならい、湯気をあててそっと開封する手を思いついたのです。	にならい	-6.006097769004292
ja_545	japanese	警察大学のやり方にならい、湯気をあててそっと開封する手を思いついたのです。	そっと	-4.9477087830089435
ja_546	japanese	警察大学のやり方にならい、湯気をあててそっと開封する手を思いついたのです。	開封する	-4.702164548125214
ja_547	japanese	962名収容可能な「フレアホール」は可動式パネルで分割も可能なため様々な用途で使用でき、フレキシビリティの高いホールとなっている。	収容可能な	-5.217912146498372
ja_548	japanese	962名収容可能な「フレアホール」は可動式パネルで分割も可能なため様々な用途で使用でき、フレキシビリティの高いホールとなっている。	可動式	-5.096437392217707
ja_549	japanese	962名収容可能な「フレアホール」は可動式パネルで分割も可能なため様々な用途で使用でき、フレキシビリティの高いホールとなっている。	フレキシビリティ	-7.106998264745153
ja_550	japanese	加えて、このような命令をした場合には、その旨が公表されます。	加えて	-4.1405677003506804
ja_551	japanese	加えて、このような命令をした場合には、その旨が公表されます。	旨	-5.3517098973210135
ja_552	japanese	加えて、このような命令をした場合には、その旨が公表されます。	公表されます	-4.844547175014723
ja_553	japanese	ただし実用性は乏しく、航空機を搭載したことはほとんどなく、滑走台も後に撤去されている。	乏しく	-5.503271114049728
ja_554	japanese	ただし実用性は乏しく、航空機を搭載したことはほとんどなく、滑走台も後に撤去されている。	搭載した	-4.373492354552816
ja_555	japanese	ただし実用性は乏しく、航空機を搭載したことはほとんどなく、滑走台も後に撤去されている。	撤去されて	-5.227505386554378
ja_556	japanese	所々でおちゃらけているが、彼には彼なりのダンディズムがあり、いざという時は非常に頼りになる人物。	おちゃらけている	-6.488547857229021
ja_557	japanese	所々でおちゃらけているが、彼には彼なりのダンディズムがあり、いざという時は非常に頼りになる人物。	ダンディズム	-7.266699107612665
ja_558	japanese	所々でおちゃらけているが、彼には彼なりのダンディズムがあり、いざという時は非常に頼りになる人物。	いざという時	-4.793617830694743
ja_559	japanese	小さな波にも足をすくわれ、沖に流されたり、溺れたりすることもあります。	足をすくわれ	-5.363609120620721
ja_560	japanese	小さな波にも足をすくわれ、沖に流されたり、溺れたりすることもあります。	沖	-4.833907915769626
ja_561	japanese	小さな波にも足をすくわれ、沖に流されたり、溺れたりすることもあります。	溺れたり	-5.422290971606721
ja_562	japanese	断られても、声をかけた人の善意は伝わりますので、がっかりしないでください。	声をかけた	-3.6394356910444436
ja_563	japanese	断られても、声をかけた人の善意は伝わりますので、がっかりしないでください。	善意	-5.732390900551545
ja_564	japanese	断られても、声をかけた人の善意は伝わりますので、がっかりしないでください。	がっかりしないで	-5.358214088734015
ja_565	japanese	どちらにも抵抗感やぎこちなさや、気まずい感じなどはなかった。	抵抗感	-4.560455601267022
ja_566	japanese	どちらにも抵抗感やぎこちなさや、気まずい感じなどはなかった。	ぎこちなさ	-5.888503157136384
ja_567	japanese	どちらにも抵抗感やぎこちなさや、気まずい感じなどはなかった。	気まずい	-5.561976774387555
ja_568	japanese	しかしゴジラは日本に牙を向くかの如く、今度は首都東京への侵攻を開始した。	牙を向く	-5.354654277967795
ja_569	japanese	しかしゴジラは日本に牙を向くかの如く、今度は首都東京への侵攻を開始した。	如く	-5.328847014361509
ja_570	japanese	しかしゴジラは日本に牙を向くかの如く、今度は首都東京への侵攻を開始した。	侵攻	-5.0745034817662145
ja_571	japanese	何時がきたから今日はこれでおしまいなどは、教育者の考える事ではないぞ、と述べている。	おしまい	-4.841998918438552
ja_572	japanese	何時がきたから今日はこれでおしまいなどは、教育者の考える事ではないぞ、と述べている。	教育者	-4.142376057734872
ja_573	japanese	何時がきたから今日はこれでおしまいなどは、教育者の考える事ではないぞ、と述べている。	述べて	-4.466746228862151
ja_574	japanese	「時節柄、余りぱっとせんように、云う趣意かも知れんな」	時節柄	-6.450089605409845
ja_575	japanese	「時節柄、余りぱっとせんように、云う趣意かも知れんな」	ぱっとせん	-5.221811075764618
ja_576	japanese	「時節柄、余りぱっとせんように、云う趣意かも知れんな」	趣意	-7.074813581373752
ja_577	japanese	このツアーは、事件とそれに関与した人々を広く知らしめるべく企画された。	関与した	-5.231937001353453
ja_578	japanese	このツアーは、事件とそれに関与した人々を広く知らしめるべく企画された。	知らしめる	-5.0909296673800855
ja_579	japanese	このツアーは、事件とそれに関与した人々を広く知らしめるべく企画された。	企画された	-4.3146604612798365
ja_580	japanese	なお、改正により電子取引データの保存義務が2年間猶予されることになった。	改正	-4.838924574477121
ja_581	japanese	なお、改正により電子取引データの保存義務が2年間猶予されることになった。	保存義務	-4.804467537951768
ja_582	japanese	なお、改正により電子取引データの保存義務が2年間猶予されることになった。	猶予される	-5.5553606260340365
ja_583	japanese	今後とも、高い独立性を有する原子力規制委員会が厳格に規制を行っていくという方針は変わりません。	有する	-5.0835875056812565
ja_584	japanese	今後とも、高い独立性を有する原子力規制委員会が厳格に規制を行っていくという方針は変わりません。	厳格に	-5.66584716847367
ja_585	japanese	今後とも、高い独立性を有する原子力規制委員会が厳格に規制を行っていくという方針は変わりません。	方針	-4.685774131937046
ja_586	japanese	一方で、不適切なサイトなどにアクセスし、犯罪やトラブルに巻き込まれるケースも絶えません。	不適切な	-4.649931944742685
ja_587	japanese	一方で、不適切なサイトなどにアクセスし、犯罪やトラブルに巻き込まれるケースも絶えません。	巻き込まれる	-4.808817210878672
ja_588	japanese	一方で、不適切なサイトなどにアクセスし、犯罪やトラブルに巻き込まれるケースも絶えません。	絶えません	-5.152755755305828
ja_589	japanese	正常に妊娠するためには、卵子が順調に発育すること。	妊娠する	-4.950262780907283
ja_590	japanese	正常に妊娠するためには、卵子が順調に発育すること。	順調に	-4.856390621698018
ja_591	japanese	正常に妊娠するためには、卵子が順調に発育すること。	発育する	-6.103670321396225
ja_592	japanese	例えば、視野が狭くなったり、記憶力・判断力が低下したり、筋力が衰えたり、反射神経が鈍くなったり…。	視野	-5.025041964642756
ja_593	japanese	例えば、視野が狭くなったり、記憶力・判断力が低下したり、筋力が衰えたり、反射神経が鈍くなったり…。	衰えたり	-5.5581837853704155
ja_594	japanese	例えば、視野が狭くなったり、記憶力・判断力が低下したり、筋力が衰えたり、反射神経が鈍くなったり…。	鈍く	-5.502439928184716
ja_595	japanese	この不正取引の情報はチケット販売委託会社の幹部がやりとりした電子メールにより判明した。	チケット販売委託会社	-5.1705618607905315
ja_596	japanese	この不正取引の情報はチケット販売委託会社の幹部がやりとりした電子メールにより判明した。	幹部	-5.1815274978758525
ja_597	japanese	この不正取引の情報はチケット販売委託会社の幹部がやりとりした電子メールにより判明した。	やりとりした	-5.106330632819816
ja_598	japanese	うち2回はこれ以上ないほどの完璧な失敗に終わった。	うち	-3.5913587425161926
ja_599	japanese	うち2回はこれ以上ないほどの完璧な失敗に終わった。	これ以上ない	-3.4133457108461904
ja_600	japanese	うち2回はこれ以上ないほどの完璧な失敗に終わった。	完璧な	-4.492587835030761
