ja_31	japanese	「気に入らねえ奴はブッとばす」というのが口癖。	奴	-1.0824201882846527
ja_32	japanese	「気に入らねえ奴はブッとばす」というのが口癖。	ブッとばす	-2.6788454562206803
ja_33	japanese	「気に入らねえ奴はブッとばす」というのが口癖。	口癖	-2.2520293198124137
ja_34	japanese	パトカーは600メートルほど離れた路上でワゴン車を見失ったものの、その後タクシーと衝突したワゴン車を発見した。	パトカー	-2.326662938109318
ja_35	japanese	パトカーは600メートルほど離れた路上でワゴン車を見失ったものの、その後タクシーと衝突したワゴン車を発見した。	衝突した	-1.7665237413372932
ja_36	japanese	パトカーは600メートルほど離れた路上でワゴン車を見失ったものの、その後タクシーと衝突したワゴン車を発見した。	発見した	-1.0190480619187445
ja_37	japanese	サラリーマンや中高年層が主流で、酒類を品書きに加えて好評を得ている。	主流	-1.6641674407648677
ja_38	japanese	サラリーマンや中高年層が主流で、酒類を品書きに加えて好評を得ている。	品書き	-2.9798754518846615
ja_39	japanese	サラリーマンや中高年層が主流で、酒類を品書きに加えて好評を得ている。	好評を得ている	-1.634379195021501
ja_40	japanese	気象庁は土砂災害や川の氾濫、浸水被害に厳重な警戒をするように呼びかけている。	川の氾濫	-2.32067257442013
ja_41	japanese	気象庁は土砂災害や川の氾濫、浸水被害に厳重な警戒をするように呼びかけている。	浸水被害	-2.1505716790536367
ja_42	japanese	気象庁は土砂災害や川の氾濫、浸水被害に厳重な警戒をするように呼びかけている。	厳重な	-2.132842912093205
ja_43	japanese	彼らがそれらのアプリを使うのは、友人から肯定してもらうことで自分の存在の正当性を確認しようとする試みなのである。	肯定して	-1.7510261436661805
ja_44	japanese	彼らがそれらのアプリを使うのは、友人から肯定してもらうことで自分の存在の正当性を確認しようとする試みなのである。	正当性	-1.810164289466756
ja_45	japanese	彼らがそれらのアプリを使うのは、友人から肯定してもらうことで自分の存在の正当性を確認しようとする試みなのである。	試み	-1.7886690414712354
ja_46	japanese	お子さんが被害に遭わないように、保護者がお子さんのインターネット利用をきちんと見守っていく必要があります。	被害に遭わない	-1.6157937104735913
ja_47	japanese	お子さんが被害に遭わないように、保護者がお子さんのインターネット利用をきちんと見守っていく必要があります。	きちんと	-1.227346855335383
ja_48	japanese	お子さんが被害に遭わないように、保護者がお子さんのインターネット利用をきちんと見守っていく必要があります。	見守って	-1.4160978185224957
ja_49	japanese	斜面地では、不思議と祭りの喧騒もなく、静かで穏やかな時間が流れている。	不思議と	-1.03508444143123
ja_50	japanese	斜面地では、不思議と祭りの喧騒もなく、静かで穏やかな時間が流れている。	喧騒	-2.5556065044902745
ja_51	japanese	斜面地では、不思議と祭りの喧騒もなく、静かで穏やかな時間が流れている。	穏やかな	-1.4982536959383226
ja_52	japanese	フランスでは日本の食パンに比べてやや小振りなタイプが広く嗜好されている。	やや	-1.3870743592104176
ja_53	japanese	フランスでは日本の食パンに比べてやや小振りなタイプが広く嗜好されている。	小振りな	-3.4850254302045673
ja_54	japanese	フランスでは日本の食パンに比べてやや小振りなタイプが広く嗜好されている。	嗜好されて	-2.3611737892374816
ja_55	japanese	増田はあがって、夫婦の脇へどかっとあぐらをかいた。	脇	-1.5240792344707361
ja_56	japanese	増田はあがって、夫婦の脇へどかっとあぐらをかいた。	どかっと	-3.2062718292517385
ja_57	japanese	増田はあがって、夫婦の脇へどかっとあぐらをかいた。	あぐらをかいた	-2.4436327450463424
ja_58	japanese	⼤病院は救急や重い症状の患者さんの治療を担う役割を持っています。	救急	-1.7732182011633766
ja_59	japanese	⼤病院は救急や重い症状の患者さんの治療を担う役割を持っています。	患者さん	-1.4304123756476796
ja_60	japanese	⼤病院は救急や重い症状の患者さんの治療を担う役割を持っています。	担う	-1.541530914298465
ja_61	japanese	暗闇で物が見えないという現実の危険・想像上の危険に対する恐怖から来ていると考えられる。	暗闇	-1.8203834546484419
ja_62	japanese	暗闇で物が見えないという現実の危険・想像上の危険に対する恐怖から来ていると考えられる。	想像上の	-0.9641490485162256
ja_63	japanese	暗闇で物が見えないという現実の危険・想像上の危険に対する恐怖から来ていると考えられる。	恐怖	-1.375109567180774
ja_64	japanese	「自分たちが何か偉大で強力なものの一部であるという感覚」であると説明している。	偉大で	-1.6975649556861525
ja_65	japanese	「自分たちが何か偉大で強力なものの一部であるという感覚」であると説明している。	強力な	-1.3734269053241734
ja_66	japanese	「自分たちが何か偉大で強力なものの一部であるという感覚」であると説明している。	感覚	-0.8990010478175917
ja_67	japanese	まず、保証人である経営者が、ガイドラインに示す条件に即して次のような対応を行いました。	保証人	-1.4109407411763237
ja_68	japanese	まず、保証人である経営者が、ガイドラインに示す条件に即して次のような対応を行いました。	示す	-1.0607973595085876
ja_69	japanese	まず、保証人である経営者が、ガイドラインに示す条件に即して次のような対応を行いました。	に即して	-2.345146343803331
ja_70	japanese	しかし、歩道は凹凸があって、混雑しており、二輪車の移動には適していません。	凹凸	-1.9744804199979553
ja_71	japanese	しかし、歩道は凹凸があって、混雑しており、二輪車の移動には適していません。	二輪車	-1.4149875635968123
ja_72	japanese	しかし、歩道は凹凸があって、混雑しており、二輪車の移動には適していません。	適していません	-1.5510322663733251
ja_73	japanese	ほかの様々な観察をいくつも行い、総合的に判断せざるを得ない。	観察	-1.4179545741591972
ja_74	japanese	ほかの様々な観察をいくつも行い、総合的に判断せざるを得ない。	総合的に	-1.3272665441577036
ja_75	japanese	ほかの様々な観察をいくつも行い、総合的に判断せざるを得ない。	判断せざるを得ない	-0.995488800722472
ja_76	japanese	ビヤは反対者に対して強硬な姿勢をとると一部からは批判されており、またしばしば国民に対して超然としていると非難されている。	強硬な	-2.4982536959383226
ja_77	japanese	ビヤは反対者に対して強硬な姿勢をとると一部からは批判されており、またしばしば国民に対して超然としていると非難されている。	しばしば	-1.9446959554136938
ja_78	japanese	ビヤは反対者に対して強硬な姿勢をとると一部からは批判されており、またしばしば国民に対して超然としていると非難されている。	超然としている	-3.3388973945263296
ja_79	japanese	飼い主は命を預かるものとして、ペットがその命を終えるまで責任を持つ必要があります。	飼い主	-2.0784852497706123
ja_80	japanese	飼い主は命を預かるものとして、ペットがその命を終えるまで責任を持つ必要があります。	命を預かる	-1.6947402661713258
ja_81	japanese	飼い主は命を預かるものとして、ペットがその命を終えるまで責任を持つ必要があります。	もの	-0.29432963771283527
ja_82	japanese	積極的に参加される方が多くて、不安の強い方にはスタッフが寄り添いながら場を共有している。	積極的に	-1.2720392454678993
ja_83	japanese	積極的に参加される方が多くて、不安の強い方にはスタッフが寄り添いながら場を共有している。	寄り添い	-1.6912350455137488
ja_84	japanese	積極的に参加される方が多くて、不安の強い方にはスタッフが寄り添いながら場を共有している。	場	-0.7507057493455604
ja_85	japanese	これ以降、芋づる式に窃盗団のメンバーが検挙されていった。	芋づる式に	-3.007904175484905
ja_86	japanese	これ以降、芋づる式に窃盗団のメンバーが検挙されていった。	窃盗団	-2.2728378258006097
ja_87	japanese	これ以降、芋づる式に窃盗団のメンバーが検挙されていった。	検挙されて	-2.639927390190311
ja_88	japanese	「4億円を隠蔽するため、故意に虚偽記載したことは明白」とした。	隠蔽する	-2.239512762390418
ja_89	japanese	「4億円を隠蔽するため、故意に虚偽記載したことは明白」とした。	故意に	-2.4721882054993953
ja_90	japanese	「4億円を隠蔽するため、故意に虚偽記載したことは明白」とした。	虚偽	-2.4094784688120368
ja_91	japanese	かつての旅人たちは、旅の疲れを名物菓子で癒やしたことだろう。	かつての	-1.3579206318397599
ja_92	japanese	かつての旅人たちは、旅の疲れを名物菓子で癒やしたことだろう。	名物	-1.713437949323312
ja_93	japanese	かつての旅人たちは、旅の疲れを名物菓子で癒やしたことだろう。	癒やした	-2.4094784688120368
ja_94	japanese	指圧師は二十前後の体格のいい女で、黒いスラックスと白い清潔なブラウスを着けていた。	体格のいい	-2.045692736374305
ja_95	japanese	指圧師は二十前後の体格のいい女で、黒いスラックスと白い清潔なブラウスを着けていた。	スラックス	-3.0226274323056113
ja_96	japanese	指圧師は二十前後の体格のいい女で、黒いスラックスと白い清潔なブラウスを着けていた。	清潔な	-1.7706956704593344
ja_97	japanese	当初、「ちょっと男っぽ過ぎるかな」と思っていたが、監督から「いいね！」と言われたため、パンチの動きをガンガン入れたという。	当初	-1.3106748327251876
ja_98	japanese	当初、「ちょっと男っぽ過ぎるかな」と思っていたが、監督から「いいね！」と言われたため、パンチの動きをガンガン入れたという。	男っぽ過ぎる	-1.007036453953678
ja_99	japanese	当初、「ちょっと男っぽ過ぎるかな」と思っていたが、監督から「いいね！」と言われたため、パンチの動きをガンガン入れたという。	ガンガン	-1.5226560945345464
ja_100	japanese	国内用には開催国チームをフィーチャーした映像制作が積極的に行われるが、国際映像制作では中立性が重視される。	開催国	-1.1414199221003958
ja_101	japanese	国内用には開催国チームをフィーチャーした映像制作が積極的に行われるが、国際映像制作では中立性が重視される。	フィーチャーした	-2.5165424816506325
ja_102	japanese	国内用には開催国チームをフィーチャーした映像制作が積極的に行われるが、国際映像制作では中立性が重視される。	中立性	-2.0552731502021593
ja_103	japanese	詐欺の電話は誰にでもかかってくる可能性があります。	詐欺	-1.602500892249687
ja_104	japanese	詐欺の電話は誰にでもかかってくる可能性があります。	誰にでも	-0.5482604325946261
ja_105	japanese	詐欺の電話は誰にでもかかってくる可能性があります。	可能性があります	-0.5933207539653848
ja_106	japanese	醤油の起源は、遥か中世の時代、中国に渡り修行を積んだ禅僧が伝えた特別な味噌に始まる。	遥か	-1.8862349234414524
ja_107	japanese	醤油の起源は、遥か中世の時代、中国に渡り修行を積んだ禅僧が伝えた特別な味噌に始まる。	修行を積んだ	-1.6117048283891686
ja_108	japanese	醤油の起源は、遥か中世の時代、中国に渡り修行を積んだ禅僧が伝えた特別な味噌に始まる。	禅僧	-3.4850254302045673
ja_109	japanese	半纏については各町会で色が異なり個性的であるが、浴衣は白が基調であるため、一見ではどこの所属か分からない事がある。	半纏	-3.3089341711488864
ja_110	japanese	半纏については各町会で色が異なり個性的であるが、浴衣は白が基調であるため、一見ではどこの所属か分からない事がある。	個性的である	-1.3795152454345934
ja_111	japanese	半纏については各町会で色が異なり個性的であるが、浴衣は白が基調であるため、一見ではどこの所属か分からない事がある。	基調	-1.9573955293332288
ja_112	japanese	匿名の書き込みであっても、その内容には責任を持つ必要があるということを覚えておきましょう。	匿名の	-2.03942122693097
ja_113	japanese	匿名の書き込みであっても、その内容には責任を持つ必要があるということを覚えておきましょう。	書き込み	-1.9422000032453877
ja_114	japanese	匿名の書き込みであっても、その内容には責任を持つ必要があるということを覚えておきましょう。	責任を持つ	-1.1525869702889622
ja_115	japanese	それまで頭の中で渦巻いていたものが、しだいに一点へ凝集し、鮮やかなかたちをとるのが感じられた。	渦巻いて	-2.227346855335383
ja_116	japanese	それまで頭の中で渦巻いていたものが、しだいに一点へ凝集し、鮮やかなかたちをとるのが感じられた。	凝集し	-3.1048141884929614
ja_117	japanese	それまで頭の中で渦巻いていたものが、しだいに一点へ凝集し、鮮やかなかたちをとるのが感じられた。	鮮やかな	-1.7025528060382813
ja_118	japanese	そのうえで、年末に向けて、世界に伍して競争できる投資支援パッケージを作っていきます。	そのうえで	-1.4135116251094784
ja_119	japanese	そのうえで、年末に向けて、世界に伍して競争できる投資支援パッケージを作っていきます。	世界に伍して	-3.4436327450463424
ja_120	japanese	そのうえで、年末に向けて、世界に伍して競争できる投資支援パッケージを作っていきます。	パッケージ	-1.4713457329133748
ja_121	japanese	周囲でも結婚、おめでたが続き、ヨウ子は2児の母となる。	周囲	-1.358569316772763
ja_122	japanese	周囲でも結婚、おめでたが続き、ヨウ子は2児の母となる。	おめでた	-3.4058441841569427
ja_123	japanese	周囲でも結婚、おめでたが続き、ヨウ子は2児の母となる。	2児	-1.6727807334041982
ja_124	japanese	大雪でカーポートが基礎の部分から倒れ、柱が自動車に当たってフロントガラスが割れた。	カーポート	-3.2062718292517385
ja_125	japanese	大雪でカーポートが基礎の部分から倒れ、柱が自動車に当たってフロントガラスが割れた。	基礎	-1.3069121778899357
ja_126	japanese	大雪でカーポートが基礎の部分から倒れ、柱が自動車に当たってフロントガラスが割れた。	フロントガラス	-1.4479975504487925
ja_127	japanese	事務所には工場主と、幾人かの事務員が詰めている。	工場主	-1.283901532997188
ja_128	japanese	事務所には工場主と、幾人かの事務員が詰めている。	幾人	-1.7399506386225099
ja_129	japanese	事務所には工場主と、幾人かの事務員が詰めている。	詰めて	-1.332737085821511
ja_130	japanese	その上でさらに嘘をつき、家庭内だけではなくクラスでも居場所を失ってしまう。	嘘をつき	-1.066724138884822
ja_131	japanese	その上でさらに嘘をつき、家庭内だけではなくクラスでも居場所を失ってしまう。	家庭内	-1.1216014972873911
ja_132	japanese	その上でさらに嘘をつき、家庭内だけではなくクラスでも居場所を失ってしまう。	居場所を失って	-1.147965703884043
ja_133	japanese	独立後まもなく通貨価値の著しい下落に直面したが、1980年代半ばより安定した。	著しい	-1.9651974364288487
ja_134	japanese	独立後まもなく通貨価値の著しい下落に直面したが、1980年代半ばより安定した。	直面した	-1.8055975335924486
ja_135	japanese	独立後まもなく通貨価値の著しい下落に直面したが、1980年代半ばより安定した。	半ば	-1.6707778344726472
ja_136	japanese	なお，実施期間（市が接種費用を助成している期間）は，１０月１日～１２月３１日となっております。	接種	-1.8862349234414524
ja_137	japanese	なお，実施期間（市が接種費用を助成している期間）は，１０月１日～１２月３１日となっております。	助成して	-2.1232975941869747
ja_138	japanese	なお，実施期間（市が接種費用を助成している期間）は，１０月１日～１２月３１日となっております。	期間	-0.9667747788960674
ja_139	japanese	ラインは取り除かれ、検査され、3つが交換された。	取り除かれ	-1.5045675379284673
ja_140	japanese	ラインは取り除かれ、検査され、3つが交換された。	検査され	-1.373091153871886
ja_141	japanese	ラインは取り除かれ、検査され、3つが交換された。	交換された	-1.0573770590176348
ja_142	japanese	この方法により、ほとんど透明な生物細胞の内部構造を観察することが可能である。	透明な	-1.2538107822419664
ja_143	japanese	この方法により、ほとんど透明な生物細胞の内部構造を観察することが可能である。	生物細胞	-1.6411700075814064
ja_144	japanese	この方法により、ほとんど透明な生物細胞の内部構造を観察することが可能である。	内部構造	-1.3330430347470934
ja_145	japanese	このようにシステム面では凝っているが、その一方でシナリオが類型化した没個性的なものであることが欠点として指摘されている。	凝って	-1.583567108808455
ja_146	japanese	このようにシステム面では凝っているが、その一方でシナリオが類型化した没個性的なものであることが欠点として指摘されている。	没個性的な	-2.3677541345488033
ja_147	japanese	このようにシステム面では凝っているが、その一方でシナリオが類型化した没個性的なものであることが欠点として指摘されている。	指摘されて	-1.4025991293437956
ja_148	japanese	メディアの一部では、これが本当にスポーツであるかという議論があり、多くの場合それは広く冗談であると考えられている。	メディア	-1.3302972227644119
ja_149	japanese	メディアの一部では、これが本当にスポーツであるかという議論があり、多くの場合それは広く冗談であると考えられている。	議論	-1.4076575249204109
ja_150	japanese	メディアの一部では、これが本当にスポーツであるかという議論があり、多くの場合それは広く冗談であると考えられている。	冗談	-1.5091342938027748
ja_151	japanese	2019年、スクランブル交差点からセンター街を中心とした一帯に、渋谷区が25基の櫓（高さ1.5m）を設置。	一帯	-1.9311424035606932
ja_152	japanese	2019年、スクランブル交差点からセンター街を中心とした一帯に、渋谷区が25基の櫓（高さ1.5m）を設置。	櫓	-2.581935443212624
ja_153	japanese	2019年、スクランブル交差点からセンター街を中心とした一帯に、渋谷区が25基の櫓（高さ1.5m）を設置。	設置	-1.1349713366255372
ja_154	japanese	初登場時とは打って変わってクールな性格で、また、弱点がほとんどないため、女子からはモテるという。	打って変わって	-0.8942950244118771
ja_155	japanese	初登場時とは打って変わってクールな性格で、また、弱点がほとんどないため、女子からはモテるという。	クールな	-1.525984037883474
ja_156	japanese	初登場時とは打って変わってクールな性格で、また、弱点がほとんどないため、女子からはモテるという。	モテる	-1.7656941432208408
ja_157	japanese	連載は100回を超え、読者からのお便りに答える新企画も実施しており精力的に活動している。	連載	-1.9853383475861637
ja_158	japanese	連載は100回を超え、読者からのお便りに答える新企画も実施しており精力的に活動している。	お便り	-2.1927693588480914
ja_159	japanese	連載は100回を超え、読者からのお便りに答える新企画も実施しており精力的に活動している。	精力的に	-2.3118391617922933
ja_160	japanese	専門家は衛生状態の悪化について懸念を示している。	衛生状態	-1.6774904021357142
ja_161	japanese	専門家は衛生状態の悪化について懸念を示している。	悪化	-1.587398338914126
ja_162	japanese	専門家は衛生状態の悪化について懸念を示している。	懸念を示して	-1.6714444416363756
ja_163	japanese	同年代でも夢を叶えている人がいると思うと、私も自分自身とちゃんと向き合わなきゃって。	叶えて	-1.6019320716288776
ja_164	japanese	同年代でも夢を叶えている人がいると思うと、私も自分自身とちゃんと向き合わなきゃって。	ちゃんと	-0.6262476928991181
ja_165	japanese	同年代でも夢を叶えている人がいると思うと、私も自分自身とちゃんと向き合わなきゃって。	向き合わなきゃ	-1.4696656747953531
ja_166	japanese	彼女の才能に感服したジャクソンは、アリーを次のコンサートで起用することにした。	才能	-1.5505269789609997
ja_167	japanese	彼女の才能に感服したジャクソンは、アリーを次のコンサートで起用することにした。	感服した	-2.84157275371838
ja_168	japanese	彼女の才能に感服したジャクソンは、アリーを次のコンサートで起用することにした。	起用する	-2.0750923068732727
ja_169	japanese	草案が否決されれば、各派連立による現在の移行政府にとって大きな痛手となる。	草案	-2.672112073561712
ja_170	japanese	草案が否決されれば、各派連立による現在の移行政府にとって大きな痛手となる。	各派	-3.581935443212624
ja_171	japanese	草案が否決されれば、各派連立による現在の移行政府にとって大きな痛手となる。	痛手	-2.5073018249157197
ja_172	japanese	いくらかの特殊なワインは、製造者の望む味を達成するために、ボトリングの前に別のワインとの混合（ブレンド）がなされる。	特殊な	-1.2333872097563554
ja_173	japanese	いくらかの特殊なワインは、製造者の望む味を達成するために、ボトリングの前に別のワインとの混合（ブレンド）がなされる。	達成する	-1.229511717385034
ja_174	japanese	いくらかの特殊なワインは、製造者の望む味を達成するために、ボトリングの前に別のワインとの混合（ブレンド）がなされる。	ボトリング	-3.4850254302045673
ja_175	japanese	その結果、音声・画像・自然言語を対象とする諸問題に対し、他の手法を圧倒する高い性能を示し、2010年代に普及した。	諸問題	-1.7749080650927511
ja_176	japanese	その結果、音声・画像・自然言語を対象とする諸問題に対し、他の手法を圧倒する高い性能を示し、2010年代に普及した。	圧倒する	-1.217384447858652
ja_177	japanese	その結果、音声・画像・自然言語を対象とする諸問題に対し、他の手法を圧倒する高い性能を示し、2010年代に普及した。	普及した	-1.5475075381872208
ja_178	japanese	栄養バランスのとれた、規則正しい食生活をするために、次のようなことから実践してみましょう。	とれた	-1.2768529035374456
ja_179	japanese	栄養バランスのとれた、規則正しい食生活をするために、次のようなことから実践してみましょう。	規則正しい	-1.6667995365906119
ja_180	japanese	栄養バランスのとれた、規則正しい食生活をするために、次のようなことから実践してみましょう。	実践して	-1.3486219820705774
ja_181	japanese	消費者の側も、そうした旅行業者の情報提供のやり方に慣れていると考えられます。	消費者	-1.2062718292517385
ja_182	japanese	消費者の側も、そうした旅行業者の情報提供のやり方に慣れていると考えられます。	旅行業者	-1.1311091992842044
ja_183	japanese	消費者の側も、そうした旅行業者の情報提供のやり方に慣れていると考えられます。	慣れて	-0.9304151449784034
ja_184	japanese	太古から変わらない日の入りへの思いは、今日まで連綿と受け継がれています。	太古	-2.435807407534386
ja_185	japanese	太古から変わらない日の入りへの思いは、今日まで連綿と受け継がれています。	連綿と	-3.08708542153253
ja_186	japanese	太古から変わらない日の入りへの思いは、今日まで連綿と受け継がれています。	受け継がれて	-1.6933347811844495
ja_187	japanese	しかし、2000年代の経済不況のあおりを受け、彼の会社は大半のクライアントを失い倒産。	あおり	-2.672112073561712
ja_188	japanese	しかし、2000年代の経済不況のあおりを受け、彼の会社は大半のクライアントを失い倒産。	クライアント	-1.986714876414967
ja_189	japanese	しかし、2000年代の経済不況のあおりを受け、彼の会社は大半のクライアントを失い倒産。	倒産	-2.010809166128312
ja_190	japanese	「不思議だねえ」彼はがっくりと板の間に腰をおろし、嘆息するように言いました。	がっくりと	-2.714173418562423
ja_191	japanese	「不思議だねえ」彼はがっくりと板の間に腰をおろし、嘆息するように言いました。	腰をおろし	-2.0683849228662865
ja_192	japanese	「不思議だねえ」彼はがっくりと板の間に腰をおろし、嘆息するように言いました。	嘆息する	-3.0700520822337496
ja_193	japanese	迅速に適切な解決を図るために、相談窓口を活用することをお奨めします。	迅速に	-1.8840525345178192
ja_194	japanese	迅速に適切な解決を図るために、相談窓口を活用することをお奨めします。	活用する	-1.086911738474065
ja_195	japanese	迅速に適切な解決を図るために、相談窓口を活用することをお奨めします。	お奨めします	-3.1628061354706483
ja_196	japanese	津田氏だって、憂国の好青年だった事においては変りは無いのだ。	氏	-1.2266276261090587
ja_197	japanese	津田氏だって、憂国の好青年だった事においては変りは無いのだ。	憂国の	-3.6399273901903104
ja_198	japanese	津田氏だって、憂国の好青年だった事においては変りは無いのだ。	好青年	-1.7446627407103237
ja_199	japanese	パイ生地で作られることで、サクサクとしたパイのように仕上がる。	パイ生地	-1.5622999722113076
ja_200	japanese	パイ生地で作られることで、サクサクとしたパイのように仕上がる。	サクサクとした	-1.570153612664517
ja_201	japanese	パイ生地で作られることで、サクサクとしたパイのように仕上がる。	仕上がる	-1.458900913459117
ja_202	japanese	以降は表舞台に復帰することはなく、近年では京都にあった自宅も処分していた。	表舞台	-1.3130066207800108
ja_203	japanese	以降は表舞台に復帰することはなく、近年では京都にあった自宅も処分していた。	復帰する	-1.5990990904031364
ja_204	japanese	以降は表舞台に復帰することはなく、近年では京都にあった自宅も処分していた。	処分して	-1.5612634693758671
ja_205	japanese	天然ボケで大らかな性格であることもあり、周りから煙たがられている航達にも気兼ねなく話しかける。	大らかな	-3.08708542153253
ja_206	japanese	天然ボケで大らかな性格であることもあり、周りから煙たがられている航達にも気兼ねなく話しかける。	煙たがられて	-2.8939608231780682
ja_207	japanese	天然ボケで大らかな性格であることもあり、周りから煙たがられている航達にも気兼ねなく話しかける。	気兼ねなく	-2.2728378258006097
ja_208	japanese	一生懸命、伝わるように話したり、緊張しながら声をかけにいったり。	一生懸命	-1.1473665391784251
ja_209	japanese	一生懸命、伝わるように話したり、緊張しながら声をかけにいったり。	伝わる	-1.0357013371058406
ja_210	japanese	一生懸命、伝わるように話したり、緊張しながら声をかけにいったり。	緊張し	-1.1491665188847495
ja_211	japanese	共同作戦を練るのは専らジェリーの役目で、持ち前の聡明な頭脳と天才的なひらめきで体力派のトムと共に巧みな連携プレーを披露する。	専ら	-3.08708542153253
ja_212	japanese	共同作戦を練るのは専らジェリーの役目で、持ち前の聡明な頭脳と天才的なひらめきで体力派のトムと共に巧みな連携プレーを披露する。	持ち前の	-2.550526978961
ja_213	japanese	共同作戦を練るのは専らジェリーの役目で、持ち前の聡明な頭脳と天才的なひらめきで体力派のトムと共に巧みな連携プレーを披露する。	ひらめき	-2.3546916617095612
ja_214	japanese	子どもから一瞬たりとも目を離さないことはできず、限界があります。	たりとも	-0.3394250725523194
ja_215	japanese	子どもから一瞬たりとも目を離さないことはできず、限界があります。	離さない	-1.3404512225949512
ja_216	japanese	子どもから一瞬たりとも目を離さないことはできず、限界があります。	限界	-1.238280720480726
ja_217	japanese	広い庭の林のような木立ちにかこまれて、古風なレンガ建てがぽつんと立っていた。	木立ち	-3.5307829207652426
ja_218	japanese	広い庭の林のような木立ちにかこまれて、古風なレンガ建てがぽつんと立っていた。	古風な	-2.6337670814854923
ja_219	japanese	広い庭の林のような木立ちにかこまれて、古風なレンガ建てがぽつんと立っていた。	ぽつんと	-2.615793710473591
ja_220	japanese	中学三年生の頃から二人でユニットを組み音楽を始める。	頃	-0.717646906090387
ja_221	japanese	中学三年生の頃から二人でユニットを組み音楽を始める。	ユニット	-1.6313272184283931
ja_222	japanese	中学三年生の頃から二人でユニットを組み音楽を始める。	組み	-2.1690550847476495
ja_223	japanese	私に拒絶されて、少年たちは明らかに失望し、途方にくれた。	拒絶されて	-2.0923284769449015
ja_224	japanese	私に拒絶されて、少年たちは明らかに失望し、途方にくれた。	失望し	-2.113957567932831
ja_225	japanese	私に拒絶されて、少年たちは明らかに失望し、途方にくれた。	途方にくれた	-2.1367205671564067
ja_226	japanese	その結果、この技術により、多くの美容師が客単価の向上に浴することができた。	美容師	-1.5245546526702685
ja_227	japanese	その結果、この技術により、多くの美容師が客単価の向上に浴することができた。	単価	-1.8873302442790552
ja_228	japanese	その結果、この技術により、多くの美容師が客単価の向上に浴することができた。	浴する	-3.581935443212624
ja_229	japanese	かつては列強にも引けを取らない存在だったが、貴族達の専横もあり国力が低下している。	列強	-2.777455254106631
ja_230	japanese	かつては列強にも引けを取らない存在だったが、貴族達の専横もあり国力が低下している。	引けを取らない	-2.3420106299504724
ja_231	japanese	かつては列強にも引けを取らない存在だったが、貴族達の専横もあり国力が低下している。	専横	-3.3388973945263296
ja_232	japanese	暇さえあれば眠らねばならぬような勤務が、私を待っているのだ。	さえ	-0.9835553581041552
ja_233	japanese	暇さえあれば眠らねばならぬような勤務が、私を待っているのだ。	眠らねばならぬ	-1.373091153871886
ja_234	japanese	暇さえあれば眠らねばならぬような勤務が、私を待っているのだ。	勤務	-1.5912636681466241
ja_235	japanese	全身が汗ばみ、ほおはほてり、心臓は異様に鼓動していた。	汗ばみ	-2.794829350176054
ja_236	japanese	全身が汗ばみ、ほおはほてり、心臓は異様に鼓動していた。	ほてり	-2.851556974624981
ja_237	japanese	全身が汗ばみ、ほおはほてり、心臓は異様に鼓動していた。	鼓動して	-2.186172353794861
ja_238	japanese	単純にボールを止められる範囲が広がり、ハイボールの処理もしやすくなるためである。	単純に	-1.1035493399295375
ja_239	japanese	単純にボールを止められる範囲が広がり、ハイボールの処理もしやすくなるためである。	範囲	-0.998311654222082
ja_240	japanese	単純にボールを止められる範囲が広がり、ハイボールの処理もしやすくなるためである。	処理	-1.0884773922174353
ja_241	japanese	連日の猛暑や、節電対策のために冷感グッズを使用されるかたも増えていると思います。	猛暑	-2.128999573011445
ja_242	japanese	連日の猛暑や、節電対策のために冷感グッズを使用されるかたも増えていると思います。	節電対策の	-2.511897576604869
ja_243	japanese	連日の猛暑や、節電対策のために冷感グッズを使用されるかたも増えていると思います。	冷感グッズ	-2.84157275371838
ja_244	japanese	ポールは13歳年上で、医学を志し、古典にも通暁した人物であった。	志し	-2.278199554172718
ja_245	japanese	ポールは13歳年上で、医学を志し、古典にも通暁した人物であった。	古典	-1.9384827667264364
ja_246	japanese	ポールは13歳年上で、医学を志し、古典にも通暁した人物であった。	通暁した	-3.706874179820924
ja_247	japanese	第2主題はほの暗く、柔和な旋律で第1ヴァイオリンによって提示される。	ほの暗く	-2.581935443212624
ja_248	japanese	第2主題はほの暗く、柔和な旋律で第1ヴァイオリンによって提示される。	柔和な	-2.851556974624981
ja_249	japanese	第2主題はほの暗く、柔和な旋律で第1ヴァイオリンによって提示される。	旋律	-2.5307829207652426
ja_250	japanese	2009年7月22日、鉱物・石油相を解任され、足掛け19年に及ぶ閣僚在任に終止符を打った。	解任され	-2.587398338914126
ja_251	japanese	2009年7月22日、鉱物・石油相を解任され、足掛け19年に及ぶ閣僚在任に終止符を打った。	足掛け	-3.0700520822337496
ja_252	japanese	2009年7月22日、鉱物・石油相を解任され、足掛け19年に及ぶ閣僚在任に終止符を打った。	終止符を打った	-2.371082077897731
ja_253	japanese	斜めにさす日光が、その杉のてっぺんで淡く煙っていた。	さす	-1.378494576382186
ja_254	japanese	斜めにさす日光が、その杉のてっぺんで淡く煙っていた。	てっぺん	-1.9275182282989096
ja_255	japanese	斜めにさす日光が、その杉のてっぺんで淡く煙っていた。	煙って	-2.851556974624981
ja_256	japanese	以降、翌1988年8月29日のサマースラムでアルティメット・ウォリアーに秒殺されてタイトルを失うまで、454日に渡って同王座を保持し続けた。	翌	-2.179674060757944
ja_257	japanese	以降、翌1988年8月29日のサマースラムでアルティメット・ウォリアーに秒殺されてタイトルを失うまで、454日に渡って同王座を保持し続けた。	秒殺されて	-3.2297529251012613
ja_258	japanese	以降、翌1988年8月29日のサマースラムでアルティメット・ウォリアーに秒殺されてタイトルを失うまで、454日に渡って同王座を保持し続けた。	王座	-2.391603745042332
ja_259	japanese	こうした中で、別荘に由来する様々な営みが発展した。	別荘	-2.186172353794861
ja_260	japanese	こうした中で、別荘に由来する様々な営みが発展した。	由来する	-1.498701653153802
ja_261	japanese	こうした中で、別荘に由来する様々な営みが発展した。	営み	-2.3358063175491877
ja_262	japanese	現在は日本におらず、海外で忙しい生活を送っている。	海外	-0.9914279812040406
ja_263	japanese	現在は日本におらず、海外で忙しい生活を送っている。	忙しい	-1.132842912093205
ja_264	japanese	現在は日本におらず、海外で忙しい生活を送っている。	送って	-0.7844082345225105
ja_265	japanese	何かわけがあることと察し、「ではちょっと一二時間」と云って、三時頃に買い物袋を提げて出かける。	わけ	-0.4789446474884736
ja_266	japanese	何かわけがあることと察し、「ではちょっと一二時間」と云って、三時頃に買い物袋を提げて出かける。	察し	-2.158689569275816
ja_267	japanese	何かわけがあることと察し、「ではちょっと一二時間」と云って、三時頃に買い物袋を提げて出かける。	提げて	-3.1628061354706483
ja_268	japanese	その後フロストの不正が判明し判定勝ちとなるも、ベジータに対戦権を譲って棄権する流れはアニメと同じ。	判明し	-1.6430406256144536
ja_269	japanese	その後フロストの不正が判明し判定勝ちとなるも、ベジータに対戦権を譲って棄権する流れはアニメと同じ。	譲って	-1.645547382830369
ja_270	japanese	その後フロストの不正が判明し判定勝ちとなるも、ベジータに対戦権を譲って棄権する流れはアニメと同じ。	棄権する	-2.851556974624981
ja_271	japanese	そのくせずいぶん部下を愛したりしたのだから、一緒に面白く遊んだこともあったのだろう。	そのくせ	-1.5696255949922977
ja_272	japanese	そのくせずいぶん部下を愛したりしたのだから、一緒に面白く遊んだこともあったのだろう。	ずいぶん	-1.4893902356070177
ja_273	japanese	そのくせずいぶん部下を愛したりしたのだから、一緒に面白く遊んだこともあったのだろう。	部下	-1.7039884915834356
ja_274	japanese	――おまえにも罠をかけられる危険がある、だが、やはり承知してもらわなければならない。	おまえ	-1.8995647006960668
ja_275	japanese	――おまえにも罠をかけられる危険がある、だが、やはり承知してもらわなければならない。	罠をかけられる	-1.7992836916023038
ja_276	japanese	――おまえにも罠をかけられる危険がある、だが、やはり承知してもらわなければならない。	承知して	-1.6506047265230348
ja_277	japanese	発生件数が多かったり、幼児や高齢者の重症化事例が見られたりして問題となっている食中毒があります。	幼児	-2.012268980887355
ja_278	japanese	発生件数が多かったり、幼児や高齢者の重症化事例が見られたりして問題となっている食中毒があります。	重症化	-1.9459493314117908
ja_279	japanese	発生件数が多かったり、幼児や高齢者の重症化事例が見られたりして問題となっている食中毒があります。	食中毒	-1.8475357006920567
ja_280	japanese	しかし迎えに行こうか行くまいか、まだ決めかねていた。	迎え	-1.0238271415820743
ja_281	japanese	しかし迎えに行こうか行くまいか、まだ決めかねていた。	行くまい	-1.5226560945345464
ja_282	japanese	しかし迎えに行こうか行くまいか、まだ決めかねていた。	決めかねていた	-1.4072942505521753
ja_283	japanese	この方はもう亡くなられて、息子さんの代になっている。	方	-0.23134826478164308
ja_284	japanese	この方はもう亡くなられて、息子さんの代になっている。	亡くなられて	-1.2693878667695058
ja_285	japanese	この方はもう亡くなられて、息子さんの代になっている。	代	-0.8855790544792917
ja_286	japanese	欲しいものはどんな手を使っても手に入れなければ気がすまないタイプ。	手	-0.5185082537577755
ja_287	japanese	欲しいものはどんな手を使っても手に入れなければ気がすまないタイプ。	手に入れなけれ	-0.5185082537577755
ja_288	japanese	欲しいものはどんな手を使っても手に入れなければ気がすまないタイプ。	気がすまない	-0.837838132308578
ja_289	japanese	レールの上を前後する台車に材料を置くことで一定の厚みが決まり、精度の高い直線挽きを加工できる。	台車	-2.332737085821511
ja_290	japanese	レールの上を前後する台車に材料を置くことで一定の厚みが決まり、精度の高い直線挽きを加工できる。	精度	-1.5633389547209653
ja_291	japanese	レールの上を前後する台車に材料を置くことで一定の厚みが決まり、精度の高い直線挽きを加工できる。	直線挽き	-2.736837403198367
ja_292	japanese	障がい福祉サービスを利用する場合の自己負担は所得等に応じて負担上限月額が設定されます。	自己負担	-1.2385268494087665
ja_293	japanese	障がい福祉サービスを利用する場合の自己負担は所得等に応じて負担上限月額が設定されます。	所得	-1.7740623112092917
ja_294	japanese	障がい福祉サービスを利用する場合の自己負担は所得等に応じて負担上限月額が設定されます。	負担上限月額	-2.0441163481393496
ja_295	japanese	乾燥した状態でも、4℃では8週間程度、20℃では4週間以上感染力を失わないとされている。	乾燥した	-1.3401400119174252
ja_296	japanese	乾燥した状態でも、4℃では8週間程度、20℃では4週間以上感染力を失わないとされている。	感染力	-1.3470386974810358
ja_297	japanese	乾燥した状態でも、4℃では8週間程度、20℃では4週間以上感染力を失わないとされている。	失わない	-1.147965703884043
ja_298	japanese	「あぶないぞ」と人垣の中からどなる者があった、「やめろ、ぶしゅう」	ぞ	-0.7198040638995867
ja_299	japanese	「あぶないぞ」と人垣の中からどなる者があった、「やめろ、ぶしゅう」	人垣	-3.4850254302045673
ja_300	japanese	「あぶないぞ」と人垣の中からどなる者があった、「やめろ、ぶしゅう」	どなる	-0.8766063788872821
ja_301	japanese	元々普通のゲームとして開発されたものでも、何らかの学習的側面を持つものがある。	開発された	-1.0386436179821255
ja_302	japanese	元々普通のゲームとして開発されたものでも、何らかの学習的側面を持つものがある。	何らかの	-0.5018503581667545
ja_303	japanese	元々普通のゲームとして開発されたものでも、何らかの学習的側面を持つものがある。	学習的側面	-1.3937102705073445
ja_304	japanese	住民の反対にもかかわらず計画は進み、2003年には建設が開始され、2005年に施設は完成した。	にもかかわらず	-1.3687498426240232
ja_305	japanese	住民の反対にもかかわらず計画は進み、2003年には建設が開始され、2005年に施設は完成した。	建設	-1.4315628252791122
ja_306	japanese	住民の反対にもかかわらず計画は進み、2003年には建設が開始され、2005年に施設は完成した。	施設	-1.137695414887617
ja_307	japanese	傷つけられないうちに、早く、このまま、わかれたいとあせり、れいのお道化の煙幕を張りめぐらすのでした。	あせり	-3.7860554258685486
ja_308	japanese	傷つけられないうちに、早く、このまま、わかれたいとあせり、れいのお道化の煙幕を張りめぐらすのでした。	お道化	-2.8222675985229935
ja_309	japanese	傷つけられないうちに、早く、このまま、わかれたいとあせり、れいのお道化の煙幕を張りめぐらすのでした。	張りめぐらす	-3.706874179820924
ja_310	japanese	ご自宅で利用できるガスの種類は、ガス事業者に確認してください。	ご自宅	-1.2187937335146741
ja_311	japanese	ご自宅で利用できるガスの種類は、ガス事業者に確認してください。	利用できる	-0.8005391380158332
ja_312	japanese	ご自宅で利用できるガスの種類は、ガス事業者に確認してください。	ガス事業者	-1.2902336724826429
ja_313	japanese	2003年からは事実上のリーダーとなり、チームにとってなくてはならない存在に。	事実上の	-1.1491665188847495
ja_314	japanese	2003年からは事実上のリーダーとなり、チームにとってなくてはならない存在に。	リーダー	-1.3174127574770373
ja_315	japanese	2003年からは事実上のリーダーとなり、チームにとってなくてはならない存在に。	なくてはならない	-0.1500291499613425
ja_316	japanese	この短刀も談話室の飾り棚にある中の一つであった。	短刀	-3.0700520822337496
ja_317	japanese	この短刀も談話室の飾り棚にある中の一つであった。	談話室	-2.371082077897731
ja_318	japanese	この短刀も談話室の飾り棚にある中の一つであった。	飾り棚	-3.1232975941869747
ja_319	japanese	久しぶりに一人になって、寝転んで本など見ていると、思いがけなく宿の主人が入って来て辞儀をした。	寝転んで	-2.3986655995298194
ja_320	japanese	久しぶりに一人になって、寝転んで本など見ていると、思いがけなく宿の主人が入って来て辞儀をした。	思いがけなく	-2.220207607195031
ja_321	japanese	久しぶりに一人になって、寝転んで本など見ていると、思いがけなく宿の主人が入って来て辞儀をした。	辞儀	-2.2321723992246745
ja_322	japanese	リズとは対照的に純和風ないでたちであり、日本古来の文化にも詳しい。	対照的に	-2.007904175484905
ja_323	japanese	リズとは対照的に純和風ないでたちであり、日本古来の文化にも詳しい。	純和風な	-1.925118805168455
ja_324	japanese	リズとは対照的に純和風ないでたちであり、日本古来の文化にも詳しい。	いでたち	-3.2297529251012613
ja_325	japanese	しかし、職場でのトラブルをきっかけに、仕事を無断で休みがちになり、解雇されてしまいました。	職場	-1.4273593262947382
ja_326	japanese	しかし、職場でのトラブルをきっかけに、仕事を無断で休みがちになり、解雇されてしまいました。	無断で	-2.2494969832970186
ja_327	japanese	しかし、職場でのトラブルをきっかけに、仕事を無断で休みがちになり、解雇されてしまいました。	解雇されて	-2.0819049090287494
ja_328	japanese	そうしてその洪水の中を異常に真剣な顔つきで、泳ぎまわっている青年男女の大群ではなかったろうか。	顔つき	-2.2975047093681042
ja_329	japanese	そうしてその洪水の中を異常に真剣な顔つきで、泳ぎまわっている青年男女の大群ではなかったろうか。	泳ぎまわって	-3.706874179820924
ja_330	japanese	そうしてその洪水の中を異常に真剣な顔つきで、泳ぎまわっている青年男女の大群ではなかったろうか。	大群	-2.3031818422597947
ja_331	japanese	また、気圧の関係でボールのスピードや飛距離が変わり、感覚のずれを口にする日本代表選手もいた。	飛距離	-1.9993040037229874
ja_332	japanese	また、気圧の関係でボールのスピードや飛距離が変わり、感覚のずれを口にする日本代表選手もいた。	ずれ	-2.052056139330162
ja_333	japanese	また、気圧の関係でボールのスピードや飛距離が変わり、感覚のずれを口にする日本代表選手もいた。	口にする	-0.7738933578977257
ja_334	japanese	そのような問題点はあったにせよ彼らはこの案を受け入れた。	にせよ	-0.09990197431235134
ja_335	japanese	そのような問題点はあったにせよ彼らはこの案を受け入れた。	案	-1.4051209625378467
ja_336	japanese	そのような問題点はあったにせよ彼らはこの案を受け入れた。	受け入れた	-1.2370521638427607
ja_337	japanese	なぜ、古代において女性がこのように力強く活躍したのであろうか？	古代	-1.6393074122379088
ja_338	japanese	なぜ、古代において女性がこのように力強く活躍したのであろうか？	力強く	-1.5638593795668287
ja_339	japanese	なぜ、古代において女性がこのように力強く活躍したのであろうか？	活躍した	-1.1006720160670613
ja_340	japanese	大学卒業後一旦地元に戻り、他の仕事をしながら機会を伺う。	一旦	-1.0269922377080614
ja_341	japanese	大学卒業後一旦地元に戻り、他の仕事をしながら機会を伺う。	地元	-1.1981200772321925
ja_342	japanese	大学卒業後一旦地元に戻り、他の仕事をしながら機会を伺う。	伺う	-1.2755104156619366
ja_343	japanese	これからも「教える、教えられるフラットな関係」で、お互いを尊重しあう関係づくりが重要であると感じています。	フラットな	-1.5649021039138435
ja_344	japanese	これからも「教える、教えられるフラットな関係」で、お互いを尊重しあう関係づくりが重要であると感じています。	尊重し	-1.7119707368403048
ja_345	japanese	これからも「教える、教えられるフラットな関係」で、お互いを尊重しあう関係づくりが重要であると感じています。	関係づくり	-1.5410365551307956
ja_346	japanese	特に、依存症に陥っている場合は、本人の意思や家族の努力だけで解決するのは困難です。	依存症	-1.525984037883474
ja_347	japanese	特に、依存症に陥っている場合は、本人の意思や家族の努力だけで解決するのは困難です。	陥って	-1.461361512006774
ja_348	japanese	特に、依存症に陥っている場合は、本人の意思や家族の努力だけで解決するのは困難です。	意思	-1.3954735473181132
ja_349	japanese	ここでは通常、広告やリンクについてより詳細に書かれたコンテンツが表示される。	通常	-0.968225726122943
ja_350	japanese	ここでは通常、広告やリンクについてより詳細に書かれたコンテンツが表示される。	詳細に	-1.172424990943308
ja_351	japanese	ここでは通常、広告やリンクについてより詳細に書かれたコンテンツが表示される。	コンテンツ	-1.4262199435286607
ja_352	japanese	神石地区の中心部と集落とを結ぶ県道の拡幅整備を県に要望したが、通行台数が見込めないことから望み薄との状況であった。	集落	-2.03170709015753
ja_353	japanese	神石地区の中心部と集落とを結ぶ県道の拡幅整備を県に要望したが、通行台数が見込めないことから望み薄との状況であった。	見込めない	-2.0905737493783514
ja_354	japanese	神石地区の中心部と集落とを結ぶ県道の拡幅整備を県に要望したが、通行台数が見込めないことから望み薄との状況であった。	望み薄	-3.2545765088262937
ja_355	japanese	町に足を踏み入れながら、ふっとそんな言葉が浮んで来た。	足を踏み入れ	-2.083624889423023
ja_356	japanese	町に足を踏み入れながら、ふっとそんな言葉が浮んで来た。	ふっと	-1.6849960709604332
ja_357	japanese	町に足を踏み入れながら、ふっとそんな言葉が浮んで来た。	浮んで	-3.2062718292517385
ja_358	japanese	建築家たちのなすべきことは、ランファンの意図したデザインの壮大な仕上げをすることであると考えられた。	なすべき	-1.2131838236680685
ja_359	japanese	建築家たちのなすべきことは、ランファンの意図したデザインの壮大な仕上げをすることであると考えられた。	意図した	-1.4022400598881173
ja_360	japanese	建築家たちのなすべきことは、ランファンの意図したデザインの壮大な仕上げをすることであると考えられた。	壮大な	-1.8327790892012443
ja_361	japanese	喉は白く、腹部は汚白色で脇にかけて茶色くなり、胸に黒い斑点がある。	腹部	-2.420567440977649
ja_362	japanese	喉は白く、腹部は汚白色で脇にかけて茶色くなり、胸に黒い斑点がある。	汚白色	-2.7446627407103237
ja_363	japanese	喉は白く、腹部は汚白色で脇にかけて茶色くなり、胸に黒い斑点がある。	斑点	-2.502754197164999
ja_364	japanese	その他に所有している武器はプレイヤーの馬に保管し、プレイヤーと馬とのつながりを強化する方法になった。	所有して	-1.5184144435226332
ja_365	japanese	その他に所有している武器はプレイヤーの馬に保管し、プレイヤーと馬とのつながりを強化する方法になった。	つながり	-1.4440277377810768
ja_366	japanese	その他に所有している武器はプレイヤーの馬に保管し、プレイヤーと馬とのつながりを強化する方法になった。	強化する	-1.2363166946036497
ja_367	japanese	ジャケットにチノという黒尽くめの格好をしていつも教会にいるものの、教会関係者ではない。	チノ	-3.142602749382361
ja_368	japanese	ジャケットにチノという黒尽くめの格好をしていつも教会にいるものの、教会関係者ではない。	黒尽くめ	-3.371082077897731
ja_369	japanese	ジャケットにチノという黒尽くめの格好をしていつも教会にいるものの、教会関係者ではない。	格好	-1.2712421308692632
ja_370	japanese	敢えて典型的なアイドル路線とも言えるこの曲が選ばれることになった。	敢えて	-2.1347774118704046
ja_371	japanese	敢えて典型的なアイドル路線とも言えるこの曲が選ばれることになった。	典型的な	-1.7783076478678088
ja_372	japanese	敢えて典型的なアイドル路線とも言えるこの曲が選ばれることになった。	アイドル路線	-1.6122866027318987
ja_373	japanese	総延長550kmにもおよぶ坑道から鉱石を運び出すトロッコ軌道をめぐらせ、地下1,000mの奥底へとつながっています。	坑道	-3.1048141884929614
ja_374	japanese	総延長550kmにもおよぶ坑道から鉱石を運び出すトロッコ軌道をめぐらせ、地下1,000mの奥底へとつながっています。	トロッコ	-2.332737085821511
ja_375	japanese	総延長550kmにもおよぶ坑道から鉱石を運び出すトロッコ軌道をめぐらせ、地下1,000mの奥底へとつながっています。	軌道	-1.7550511445050119
ja_376	japanese	この地域のブドウ栽培に関する初の言及は12世紀に遡る。	栽培	-1.7407324470818912
ja_377	japanese	この地域のブドウ栽培に関する初の言及は12世紀に遡る。	言及	-1.8232127446673063
ja_378	japanese	この地域のブドウ栽培に関する初の言及は12世紀に遡る。	遡る	-1.8556158311018485
ja_379	japanese	皮膚だけでなく、かなり深く切り、血の量も相当で、すぐ病院に行っている。	皮膚	-1.610543612505101
ja_380	japanese	皮膚だけでなく、かなり深く切り、血の量も相当で、すぐ病院に行っている。	切り	-1.4845913527252488
ja_381	japanese	皮膚だけでなく、かなり深く切り、血の量も相当で、すぐ病院に行っている。	相当で	-1.0742481968273576
ja_382	japanese	直径4cm未満のものは子供の周りに置かないようにしましょう。	直径	-1.7047081180644161
ja_383	japanese	直径4cm未満のものは子供の周りに置かないようにしましょう。	未満の	-1.6635119017997944
ja_384	japanese	直径4cm未満のものは子供の周りに置かないようにしましょう。	周り	-0.7582167476796036
ja_385	japanese	医療機関の受診に先立って居場所を利用することができる。	医療機関	-1.2871937368756645
ja_386	japanese	医療機関の受診に先立って居場所を利用することができる。	に先立って	-2.1048141884929614
ja_387	japanese	医療機関の受診に先立って居場所を利用することができる。	利用する	-0.8005391380158332
ja_388	japanese	追手が来るという不安が次第にはっきりした形をとって胸の中に今拡がり始めたのである。	追手	-2.9798754518846615
ja_389	japanese	追手が来るという不安が次第にはっきりした形をとって胸の中に今拡がり始めたのである。	次第に	-1.1284259944795967
ja_390	japanese	追手が来るという不安が次第にはっきりした形をとって胸の中に今拡がり始めたのである。	はっきりした	-1.055757763771399
ja_391	japanese	下積み時代は実家からの仕送りがあったためバイトは小遣い稼ぎ程度で、明治記念館の結婚式場での配膳などをしていた。	下積み	-2.6856848807509857
ja_392	japanese	下積み時代は実家からの仕送りがあったためバイトは小遣い稼ぎ程度で、明治記念館の結婚式場での配膳などをしていた。	仕送り	-2.729150574532076
ja_393	japanese	下積み時代は実家からの仕送りがあったためバイトは小遣い稼ぎ程度で、明治記念館の結婚式場での配膳などをしていた。	配膳	-2.592930827514087
ja_394	japanese	また、年を重ねると、いくつもの病気を抱え、何種類も薬を飲んでいる人も少なくありません。	年を重ねる	-1.1314938711268054
ja_395	japanese	また、年を重ねると、いくつもの病気を抱え、何種類も薬を飲んでいる人も少なくありません。	いくつもの	-0.30838441291190066
ja_396	japanese	また、年を重ねると、いくつもの病気を抱え、何種類も薬を飲んでいる人も少なくありません。	抱え	-2.587398338914126
ja_397	japanese	ザクザクとした食感で、簡単に食べられて時間短縮になり、ヘルシーで栄養がとれることから、主に朝食に用いられる。	ザクザクとした	-2.1753952627786686
ja_398	japanese	ザクザクとした食感で、簡単に食べられて時間短縮になり、ヘルシーで栄養がとれることから、主に朝食に用いられる。	時間短縮になり	-1.6829361723228349
ja_399	japanese	ザクザクとした食感で、簡単に食べられて時間短縮になり、ヘルシーで栄養がとれることから、主に朝食に用いられる。	主に	-1.1390638883914261
ja_400	japanese	息子や孫などになりすました犯人から電話があり、仕事に関するトラブルなどを口実に、お金を要求する詐欺です。	なりすました	-2.502754197164999
ja_401	japanese	息子や孫などになりすました犯人から電話があり、仕事に関するトラブルなどを口実に、お金を要求する詐欺です。	犯人	-1.7276294014115432
ja_402	japanese	息子や孫などになりすました犯人から電話があり、仕事に関するトラブルなどを口実に、お金を要求する詐欺です。	を口実に	-2.377815460556699
ja_403	japanese	彼は自分が獲得したメダルの多くを、家族の生計を支えるために売却した。	獲得した	-1.3595441645039734
ja_404	japanese	彼は自分が獲得したメダルの多くを、家族の生計を支えるために売却した。	生計	-2.3089341711488864
ja_405	japanese	彼は自分が獲得したメダルの多くを、家族の生計を支えるために売却した。	売却した	-1.86488937523081
ja_406	japanese	この取組のすばらしいところは，作業工程を細かく分けることができるため，様々特性のある方に参加してもらうことができること。	取組	-2.3846548850870044
ja_407	japanese	この取組のすばらしいところは，作業工程を細かく分けることができるため，様々特性のある方に参加してもらうことができること。	作業工程	-1.4597195649397972
ja_408	japanese	この取組のすばらしいところは，作業工程を細かく分けることができるため，様々特性のある方に参加してもらうことができること。	特性	-1.4743015648127944
ja_409	japanese	その際のパフォーマンスが話題となり、各スポーツ新聞等で取り上げられる。	パフォーマンス	-1.4584921656812708
ja_410	japanese	その際のパフォーマンスが話題となり、各スポーツ新聞等で取り上げられる。	話題	-1.1461706839522443
ja_411	japanese	その際のパフォーマンスが話題となり、各スポーツ新聞等で取り上げられる。	取り上げられる	-1.3269646362679621
ja_412	japanese	「私は神への信仰を持つことが愚かなことであるとわかった」そして、彼はそれ以降犠牲祭を決して実行しなかった。	愚かな	-1.9323572140923742
ja_413	japanese	「私は神への信仰を持つことが愚かなことであるとわかった」そして、彼はそれ以降犠牲祭を決して実行しなかった。	犠牲祭	-1.4915891997069557
ja_414	japanese	「私は神への信仰を持つことが愚かなことであるとわかった」そして、彼はそれ以降犠牲祭を決して実行しなかった。	決して	-1.1715800597781534
ja_415	japanese	山麓では比類ない巨大庭園を持った迎賓館が造られた。	山麓	-2.6217025700841114
ja_416	japanese	山麓では比類ない巨大庭園を持った迎賓館が造られた。	比類ない	-2.9052418335877572
ja_417	japanese	山麓では比類ない巨大庭園を持った迎賓館が造られた。	迎賓館	-3.1232975941869747
ja_418	japanese	また、振込口座は、請求者欄に記載の親権者の口座を指定してください。	振込	-2.467992090905787
ja_419	japanese	また、振込口座は、請求者欄に記載の親権者の口座を指定してください。	記載の	-1.3348832683560088
ja_420	japanese	また、振込口座は、請求者欄に記載の親権者の口座を指定してください。	親権者	-2.729150574532076
ja_421	japanese	一連の動機が次々に示され、快活だがせわしない印象もある。	一連の	-1.6512410555480885
ja_422	japanese	一連の動機が次々に示され、快活だがせわしない印象もある。	快活だ	-2.6856848807509857
ja_423	japanese	一連の動機が次々に示され、快活だがせわしない印象もある。	せわしない	-2.851556974624981
ja_424	japanese	大雪の際に強い味方となる除雪機ですが、誤った使い方をすると命を落とす危険もあります。	大雪	-2.152586970288962
ja_425	japanese	大雪の際に強い味方となる除雪機ですが、誤った使い方をすると命を落とす危険もあります。	味方	-1.3747725128511645
ja_426	japanese	大雪の際に強い味方となる除雪機ですが、誤った使い方をすると命を落とす危険もあります。	命を落とす	-1.0761074093577876
ja_427	japanese	昔貧乏だった頃の癖が抜けないのか、何かと出費をケチる。	貧乏だった	-1.7930603274372072
ja_428	japanese	昔貧乏だった頃の癖が抜けないのか、何かと出費をケチる。	何かと	-0.2548320513355219
ja_429	japanese	昔貧乏だった頃の癖が抜けないのか、何かと出費をケチる。	ケチる	-2.3236574279695925
ja_430	japanese	思い出のこもったドレスで出演しようと夢見るが、テレビ漬けで太った身体では着ることができない。	思い出のこもった	-1.6461763394673121
ja_431	japanese	思い出のこもったドレスで出演しようと夢見るが、テレビ漬けで太った身体では着ることができない。	出演しよう	-1.458083802245538
ja_432	japanese	思い出のこもったドレスで出演しようと夢見るが、テレビ漬けで太った身体では着ることができない。	漬け	-1.9029620672928587
ja_433	japanese	当時には日本で唯一の、全ての授業を英語で行うという大学であった。	当時	-0.9263168596714018
ja_434	japanese	当時には日本で唯一の、全ての授業を英語で行うという大学であった。	唯一の	-1.168635679131372
ja_435	japanese	当時には日本で唯一の、全ての授業を英語で行うという大学であった。	授業	-1.2563684720956323
ja_436	japanese	中国では年に400万匹の猫が食べられており、その消費は増加傾向にある。	匹	-1.250255135043651
ja_437	japanese	中国では年に400万匹の猫が食べられており、その消費は増加傾向にある。	消費	-1.2062718292517385
ja_438	japanese	中国では年に400万匹の猫が食べられており、その消費は増加傾向にある。	増加傾向にある	-1.4105747112499762
ja_439	japanese	ですから、こんどの場合には、この方法は除外しなければならないのです。	こんど	-2.1690550847476495
ja_440	japanese	ですから、こんどの場合には、この方法は除外しなければならないのです。	方法	-0.6677906997790692
ja_441	japanese	ですから、こんどの場合には、この方法は除外しなければならないのです。	除外しなければならない	-1.9993040037229874
ja_442	japanese	「そうしてくださる？でも、尾行される心配があるわ。よほど注意しないと」	くださる	-0.29287630518603336
ja_443	japanese	「そうしてくださる？でも、尾行される心配があるわ。よほど注意しないと」	尾行される	-2.672112073561712
ja_444	japanese	「そうしてくださる？でも、尾行される心配があるわ。よほど注意しないと」	よほど	-1.8906328798291407
ja_445	japanese	スタッフと一緒に作ったお菓子などを食べながら意見交換ができる。	スタッフ	-1.1523850198171048
ja_446	japanese	スタッフと一緒に作ったお菓子などを食べながら意見交換ができる。	お菓子	-1.2049025339022599
ja_447	japanese	スタッフと一緒に作ったお菓子などを食べながら意見交換ができる。	意見交換	-1.0573770590176348
ja_448	japanese	ところが、一週間ほど経って、なんでも雪のひどく降っている夜だった。	ところが	-0.3087604880904213
ja_449	japanese	ところが、一週間ほど経って、なんでも雪のひどく降っている夜だった。	なんでも	-0.3620563358108204
ja_450	japanese	ところが、一週間ほど経って、なんでも雪のひどく降っている夜だった。	ひどく	-1.1223545004789004
ja_451	japanese	また宮城県内に現存する最古の擬洋風建築であり、仙台市の指定文化財となっている。	現存する	-2.183995434540586
ja_452	japanese	また宮城県内に現存する最古の擬洋風建築であり、仙台市の指定文化財となっている。	擬洋風建築	-3.3388973945263296
ja_453	japanese	また宮城県内に現存する最古の擬洋風建築であり、仙台市の指定文化財となっている。	指定文化財	-1.8505481600438358
ja_454	japanese	離婚に向けての話し合いの席で、慰謝料の減額を要求する夫に対し、逆にもう100万円上乗せするよう吹っかける。	慰謝料	-2.5073018249157197
ja_455	japanese	離婚に向けての話し合いの席で、慰謝料の減額を要求する夫に対し、逆にもう100万円上乗せするよう吹っかける。	上乗せする	-2.171158209835414
ja_456	japanese	離婚に向けての話し合いの席で、慰謝料の減額を要求する夫に対し、逆にもう100万円上乗せするよう吹っかける。	吹っかける	-3.2545765088262937
ja_457	japanese	仲間たちを心から信頼しており、自由すぎるメンバーに手を焼きつつも、常にチームのことを一番に考える。	仲間	-1.0340069780491101
ja_458	japanese	仲間たちを心から信頼しており、自由すぎるメンバーに手を焼きつつも、常にチームのことを一番に考える。	手を焼きつつも	-1.1303408762498388
ja_459	japanese	仲間たちを心から信頼しており、自由すぎるメンバーに手を焼きつつも、常にチームのことを一番に考える。	常に	-0.9344302227152396
ja_460	japanese	かれの理性はそれを否定したけれども、眼前の事実をどうすることもできなかった。	理性	-2.08708542153253
ja_461	japanese	かれの理性はそれを否定したけれども、眼前の事実をどうすることもできなかった。	けれども	-0.5787981671522084
ja_462	japanese	かれの理性はそれを否定したけれども、眼前の事実をどうすることもできなかった。	眼前	-2.6217025700841114
ja_463	japanese	物語を考え、その話に記憶したい対象を登場させる方法である。	記憶したい	-1.0560811401689931
ja_464	japanese	物語を考え、その話に記憶したい対象を登場させる方法である。	対象	-1.0654000693168244
ja_465	japanese	物語を考え、その話に記憶したい対象を登場させる方法である。	登場させる	-1.0238271415820743
ja_466	japanese	老人が客を連れてここにいることを、よく知っている様子である。	老人	-1.723849617048836
ja_467	japanese	老人が客を連れてここにいることを、よく知っている様子である。	客	-0.8295988424586488
ja_468	japanese	老人が客を連れてここにいることを、よく知っている様子である。	様子	-0.8963056506045111
ja_469	japanese	市道幹線道路は，降雪量やわだちなど交通に支障があると判断されるときに，除雪等を行います。	わだち	-3.4850254302045673
ja_470	japanese	市道幹線道路は，降雪量やわだちなど交通に支障があると判断されるときに，除雪等を行います。	支障	-1.8083318205797008
ja_471	japanese	市道幹線道路は，降雪量やわだちなど交通に支障があると判断されるときに，除雪等を行います。	除雪	-2.5073018249157197
ja_472	japanese	激動の日々を経て、復興を遂げた昭和の時代を顧み、国の将来に思いをいたす。	激動の	-2.413143422898442
ja_473	japanese	激動の日々を経て、復興を遂げた昭和の時代を顧み、国の将来に思いをいたす。	遂げた	-1.7966056082018569
ja_474	japanese	激動の日々を経て、復興を遂げた昭和の時代を顧み、国の将来に思いをいたす。	顧み	-3.7860554258685486
ja_475	japanese	料理の名前や調理法を驚くべき早さでマスターした。	調理法	-1.4747254735647555
ja_476	japanese	料理の名前や調理法を驚くべき早さでマスターした。	驚くべき	-1.0831081796869928
ja_477	japanese	料理の名前や調理法を驚くべき早さでマスターした。	マスターした	-1.4065686121512748
ja_478	japanese	ますさんは子供のシャツの繕いに全神経を集中することで、辛うじて自己克服に成功した。	繕い	-3.7860554258685486
ja_479	japanese	ますさんは子供のシャツの繕いに全神経を集中することで、辛うじて自己克服に成功した。	辛うじて	-2.777455254106631
ja_480	japanese	ますさんは子供のシャツの繕いに全神経を集中することで、辛うじて自己克服に成功した。	自己克服	-1.7607495606037784
ja_481	japanese	これらの手形の処理で日本銀行が損失を被った場合は1億円を限りに政府が補償する。	被った	-1.4389206429585288
ja_482	japanese	これらの手形の処理で日本銀行が損失を被った場合は1億円を限りに政府が補償する。	を限りに	-0.9663799058742559
ja_483	japanese	これらの手形の処理で日本銀行が損失を被った場合は1億円を限りに政府が補償する。	補償する	-2.1566458267658297
ja_484	japanese	また、思想内容の変遷は漸次変化するものであるから、明確な時間で区切ることはできないとする学説も存在する。	変遷	-2.431946986721148
ja_485	japanese	また、思想内容の変遷は漸次変化するものであるから、明確な時間で区切ることはできないとする学説も存在する。	漸次	-3.706874179820924
ja_486	japanese	また、思想内容の変遷は漸次変化するものであるから、明確な時間で区切ることはできないとする学説も存在する。	区切る	-1.8659320995778248
ja_487	japanese	これらの異常現象に見舞われた人間はうろたえ、無力さをさらけ出す。	見舞われた	-2.03170709015753
ja_488	japanese	これらの異常現象に見舞われた人間はうろたえ、無力さをさらけ出す。	うろたえ	-2.861776139806667
ja_489	japanese	これらの異常現象に見舞われた人間はうろたえ、無力さをさらけ出す。	さらけ出す	-2.4850254302045673
ja_490	japanese	いや、涙よごれの顔よりも、じつは若い清盛の身なりの方が、およそ人目を引くものだった。	涙よごれの	-3.6399273901903104
ja_491	japanese	いや、涙よごれの顔よりも、じつは若い清盛の身なりの方が、およそ人目を引くものだった。	身なり	-2.4721882054993953
ja_492	japanese	いや、涙よごれの顔よりも、じつは若い清盛の身なりの方が、およそ人目を引くものだった。	人目を引く	-2.019642578756149
ja_493	japanese	近年のアウトドアブームで、登山を始めた方や機会が増えた方もいらっしゃると思います。	近年	-1.5612634693758671
ja_494	japanese	近年のアウトドアブームで、登山を始めた方や機会が増えた方もいらっしゃると思います。	アウトドアブーム	-1.9179990640455071
ja_495	japanese	近年のアウトドアブームで、登山を始めた方や機会が増えた方もいらっしゃると思います。	登山	-1.8175724773146136
ja_496	japanese	刺激が強く急激に催し、また悪寒や吐き気などといった症状を誘発させる場合もある。	催し	-2.4893902356070177
ja_497	japanese	刺激が強く急激に催し、また悪寒や吐き気などといった症状を誘発させる場合もある。	悪寒	-2.794829350176054
ja_498	japanese	刺激が強く急激に催し、また悪寒や吐き気などといった症状を誘発させる場合もある。	誘発させる	-2.20399206295684
ja_499	japanese	いまだ真価を究めざるうちに、向うみずに追っ払うというのは、芸能人の心構に反するところじゃないか」	究めざる	-3.2297529251012613
ja_500	japanese	いまだ真価を究めざるうちに、向うみずに追っ払うというのは、芸能人の心構に反するところじゃないか」	向うみずに	-2.4436327450463424
ja_501	japanese	いまだ真価を究めざるうちに、向うみずに追っ払うというのは、芸能人の心構に反するところじゃないか」	追っ払う	-2.861776139806667
ja_502	japanese	原爆投下と同時刻の8時15分には、参加者全員が1分間黙祷して犠牲者の冥福を祈った。	黙祷して	-2.92872292943728
ja_503	japanese	原爆投下と同時刻の8時15分には、参加者全員が1分間黙祷して犠牲者の冥福を祈った。	犠牲者	-1.4915891997069557
ja_504	japanese	原爆投下と同時刻の8時15分には、参加者全員が1分間黙祷して犠牲者の冥福を祈った。	冥福	-2.3986655995298194
ja_505	japanese	ジェネリック医薬品を希望する場合、病院・診療所・保険薬局で医師・薬剤師にそのことを伝えてください。	ジェネリック医薬品	-2.9052418335877572
ja_506	japanese	ジェネリック医薬品を希望する場合、病院・診療所・保険薬局で医師・薬剤師にそのことを伝えてください。	医師	-1.5009483963017367
ja_507	japanese	ジェネリック医薬品を希望する場合、病院・診療所・保険薬局で医師・薬剤師にそのことを伝えてください。	薬剤師	-2.0504565261703687
ja_508	japanese	この夜の酒宴は、今後の対策の協議という名目だったのですが、ろくに結論も出ずに終った。	酒宴	-3.3388973945263296
ja_509	japanese	この夜の酒宴は、今後の対策の協議という名目だったのですが、ろくに結論も出ずに終った。	名目	-2.1445813153644493
ja_510	japanese	この夜の酒宴は、今後の対策の協議という名目だったのですが、ろくに結論も出ずに終った。	ろくに	-2.262308959056984
ja_511	japanese	彼は左手で、筒の中から豚の毛をひょいとつまみあげる。	筒	-2.0181578098504582
ja_512	japanese	彼は左手で、筒の中から豚の毛をひょいとつまみあげる。	ひょいと	-2.6337670814854923
ja_513	japanese	彼は左手で、筒の中から豚の毛をひょいとつまみあげる。	つまみあげる	-3.4436327450463424
ja_514	japanese	健康自体の考え方がかなり広い意味があるため、様々な形での健康管理システムが考えられている。	自体	-0.8289272281917355
ja_515	japanese	健康自体の考え方がかなり広い意味があるため、様々な形での健康管理システムが考えられている。	広い	-0.8146867890771253
ja_516	japanese	健康自体の考え方がかなり広い意味があるため、様々な形での健康管理システムが考えられている。	様々な	-0.9259570961700306
ja_517	japanese	商業出版の世界に初めて入ったときの仕事は電話帳を編集することだった。	商業出版	-1.7574841731760111
ja_518	japanese	商業出版の世界に初めて入ったときの仕事は電話帳を編集することだった。	電話帳	-1.7470381038711367
ja_519	japanese	商業出版の世界に初めて入ったときの仕事は電話帳を編集することだった。	編集する	-1.0898738387000249
ja_520	japanese	映像自体は1983年に既に完成していたが、実際にテレビ放送されたのは、それから2年後となった。	映像	-0.9892036768186616
ja_521	japanese	映像自体は1983年に既に完成していたが、実際にテレビ放送されたのは、それから2年後となった。	既に	-1.2417392841211214
ja_522	japanese	映像自体は1983年に既に完成していたが、実際にテレビ放送されたのは、それから2年後となった。	完成して	-0.8442459528597105
ja_523	japanese	脂肪が多い肉を食べ続けたところ、「バランスの取れた食事」を取っていたときよりも健康体となった。	脂肪	-1.7510261436661805
ja_524	japanese	脂肪が多い肉を食べ続けたところ、「バランスの取れた食事」を取っていたときよりも健康体となった。	バランスの取れた	-0.9935236639672411
ja_525	japanese	脂肪が多い肉を食べ続けたところ、「バランスの取れた食事」を取っていたときよりも健康体となった。	健康体	-1.0668899317793352
ja_526	japanese	同時に、市場分析は市場の魅力を判断することでもあります。	市場分析	-1.354370081182537
ja_527	japanese	同時に、市場分析は市場の魅力を判断することでもあります。	魅力	-1.0397326607785957
ja_528	japanese	同時に、市場分析は市場の魅力を判断することでもあります。	判断する	-0.995488800722472
ja_529	japanese	部隊に見捨てられ歩兵に包囲されてもなお抗戦するがついに降服する。	歩兵	-2.35148652183435
ja_530	japanese	部隊に見捨てられ歩兵に包囲されてもなお抗戦するがついに降服する。	抗戦する	-2.8939608231780682
ja_531	japanese	部隊に見捨てられ歩兵に包囲されてもなお抗戦するがついに降服する。	降服する	-4.007904175484905
ja_532	japanese	両手をついて、地面に腹ばいになって、ほんとうに巨大なヘビのかっこうで、女のくちびるをむさぼった。	腹ばい	-3.2809054475486428
ja_533	japanese	両手をついて、地面に腹ばいになって、ほんとうに巨大なヘビのかっこうで、女のくちびるをむさぼった。	巨大な	-1.358894022942583
ja_534	japanese	両手をついて、地面に腹ばいになって、ほんとうに巨大なヘビのかっこうで、女のくちびるをむさぼった。	むさぼった	-2.92872292943728
ja_535	japanese	日本経済新聞によると、フロリダ半島では、ハリケーンから避難する自動車により高速道路が渋滞している。	ハリケーン	-2.652516517498331
ja_536	japanese	日本経済新聞によると、フロリダ半島では、ハリケーンから避難する自動車により高速道路が渋滞している。	避難する	-1.5712115778208509
ja_537	japanese	日本経済新聞によると、フロリダ半島では、ハリケーンから避難する自動車により高速道路が渋滞している。	渋滞して	-1.7454530857544757
ja_538	japanese	前述の通り茅野市は八ヶ岳連峰に入っており、登山の足掛かりとなる場所です。	前述の	-2.2919008318501057
ja_539	japanese	前述の通り茅野市は八ヶ岳連峰に入っており、登山の足掛かりとなる場所です。	連峰	-2.8829654388766053
ja_540	japanese	前述の通り茅野市は八ヶ岳連峰に入っており、登山の足掛かりとなる場所です。	足掛かり	-2.96651149032668
ja_541	japanese	「あら、日曜なんかで、混雑すること、ありませんのよ。山奥ですもの」	なんかで	-0.3620563358108204
ja_542	japanese	「あら、日曜なんかで、混雑すること、ありませんのよ。山奥ですもの」	混雑する	-1.8465361732499301
ja_543	japanese	「あら、日曜なんかで、混雑すること、ありませんのよ。山奥ですもの」	山奥	-2.1251899478646794
ja_544	japanese	警察大学のやり方にならい、湯気をあててそっと開封する手を思いついたのです。	にならい	-2.3677541345488033
ja_545	japanese	警察大学のやり方にならい、湯気をあててそっと開封する手を思いついたのです。	そっと	-1.5654244064204565
ja_546	japanese	警察大学のやり方にならい、湯気をあててそっと開封する手を思いついたのです。	開封する	-1.502302042536022
ja_547	japanese	962名収容可能な「フレアホール」は可動式パネルで分割も可能なため様々な用途で使用でき、フレキシビリティの高いホールとなっている。	収容可能な	-1.9311424035606932
ja_548	japanese	962名収容可能な「フレアホール」は可動式パネルで分割も可能なため様々な用途で使用でき、フレキシビリティの高いホールとなっている。	可動式	-1.8743652671146875
ja_549	japanese	962名収容可能な「フレアホール」は可動式パネルで分割も可能なため様々な用途で使用でき、フレキシビリティの高いホールとなっている。	フレキシビリティ	-3.4436327450463424
ja_550	japanese	加えて、このような命令をした場合には、その旨が公表されます。	加えて	-0.9667747788960674
ja_551	japanese	加えて、このような命令をした場合には、その旨が公表されます。	旨	-1.9586861528147235
ja_552	japanese	加えて、このような命令をした場合には、その旨が公表されます。	公表されます	-1.6815683145561535
ja_553	japanese	ただし実用性は乏しく、航空機を搭載したことはほとんどなく、滑走台も後に撤去されている。	乏しく	-2.0488627831638113
ja_554	japanese	ただし実用性は乏しく、航空機を搭載したことはほとんどなく、滑走台も後に撤去されている。	搭載した	-1.4692466738155265
ja_555	japanese	ただし実用性は乏しく、航空機を搭載したことはほとんどなく、滑走台も後に撤去されている。	撤去されて	-1.879720384063458
ja_556	japanese	所々でおちゃらけているが、彼には彼なりのダンディズムがあり、いざという時は非常に頼りになる人物。	おちゃらけている	-2.872241573484832
ja_557	japanese	所々でおちゃらけているが、彼には彼なりのダンディズムがあり、いざという時は非常に頼りになる人物。	ダンディズム	-3.581935443212624
ja_558	japanese	所々でおちゃらけているが、彼には彼なりのダンディズムがあり、いざという時は非常に頼りになる人物。	いざという時	-1.327870990298286
ja_559	japanese	小さな波にも足をすくわれ、沖に流されたり、溺れたりすることもあります。	足をすくわれ	-1.9472063351312934
ja_560	japanese	小さな波にも足をすくわれ、沖に流されたり、溺れたりすることもあります。	沖	-1.8194444391866142
ja_561	japanese	小さな波にも足をすくわれ、沖に流されたり、溺れたりすることもあります。	溺れたり	-1.9586861528147235
ja_562	japanese	断られても、声をかけた人の善意は伝わりますので、がっかりしないでください。	声をかけた	-0.7065124184656426
ja_563	japanese	断られても、声をかけた人の善意は伝わりますので、がっかりしないでください。	善意	-2.31476371480961
ja_564	japanese	断られても、声をかけた人の善意は伝わりますので、がっかりしないでください。	がっかりしないで	-1.8138525874894842
ja_565	japanese	どちらにも抵抗感やぎこちなさや、気まずい感じなどはなかった。	抵抗感	-1.3215658784345772
ja_566	japanese	どちらにも抵抗感やぎこちなさや、気まずい感じなどはなかった。	ぎこちなさ	-2.332737085821511
ja_567	japanese	どちらにも抵抗感やぎこちなさや、気まずい感じなどはなかった。	気まずい	-2.1012100642241363
ja_568	japanese	しかしゴジラは日本に牙を向くかの如く、今度は首都東京への侵攻を開始した。	牙を向く	-2.0256329424453368
ja_569	japanese	しかしゴジラは日本に牙を向くかの如く、今度は首都東京への侵攻を開始した。	如く	-2.009354241880138
ja_570	japanese	しかしゴジラは日本に牙を向くかの如く、今度は首都東京への侵攻を開始した。	侵攻	-2.0634215033347365
ja_571	japanese	何時がきたから今日はこれでおしまいなどは、教育者の考える事ではないぞ、と述べている。	おしまい	-1.467992090905787
ja_572	japanese	何時がきたから今日はこれでおしまいなどは、教育者の考える事ではないぞ、と述べている。	教育者	-1.1756082044264273
ja_573	japanese	何時がきたから今日はこれでおしまいなどは、教育者の考える事ではないぞ、と述べている。	述べて	-1.391954123828504
ja_574	japanese	「時節柄、余りぱっとせんように、云う趣意かも知れんな」	時節柄	-3.0700520822337496
ja_575	japanese	「時節柄、余りぱっとせんように、云う趣意かも知れんな」	ぱっとせん	-1.7223468664771313
ja_576	japanese	「時節柄、余りぱっとせんように、云う趣意かも知れんな」	趣意	-3.5307829207652426
ja_577	japanese	このツアーは、事件とそれに関与した人々を広く知らしめるべく企画された。	関与した	-1.84157275371838
ja_578	japanese	このツアーは、事件とそれに関与した人々を広く知らしめるべく企画された。	知らしめる	-1.6822517049125918
ja_579	japanese	このツアーは、事件とそれに関与した人々を広く知らしめるべく企画された。	企画された	-1.1244320166393185
ja_580	japanese	なお、改正により電子取引データの保存義務が2年間猶予されることになった。	改正	-1.7208492978142367
ja_581	japanese	なお、改正により電子取引データの保存義務が2年間猶予されることになった。	保存義務	-1.5405427580543989
ja_582	japanese	なお、改正により電子取引データの保存義務が2年間猶予されることになった。	猶予される	-2.128999573011445
ja_583	japanese	今後とも、高い独立性を有する原子力規制委員会が厳格に規制を行っていくという方針は変わりません。	有する	-1.8055975335924486
ja_584	japanese	今後とも、高い独立性を有する原子力規制委員会が厳格に規制を行っていくという方針は変わりません。	厳格に	-2.142602749382361
ja_585	japanese	今後とも、高い独立性を有する原子力規制委員会が厳格に規制を行っていくという方針は変わりません。	方針	-1.481134263967657
ja_586	japanese	一方で、不適切なサイトなどにアクセスし、犯罪やトラブルに巻き込まれるケースも絶えません。	不適切な	-1.376798773829639
ja_587	japanese	一方で、不適切なサイトなどにアクセスし、犯罪やトラブルに巻き込まれるケースも絶えません。	巻き込まれる	-1.4198193021502554
ja_588	japanese	一方で、不適切なサイトなどにアクセスし、犯罪やトラブルに巻き込まれるケースも絶えません。	絶えません	-1.7510261436661805
ja_589	japanese	正常に妊娠するためには、卵子が順調に発育すること。	妊娠する	-1.7558606405117974
ja_590	japanese	正常に妊娠するためには、卵子が順調に発育すること。	順調に	-1.4880761817091863
ja_591	japanese	正常に妊娠するためには、卵子が順調に発育すること。	発育する	-2.7860554258685486
ja_592	japanese	例えば、視野が狭くなったり、記憶力・判断力が低下したり、筋力が衰えたり、反射神経が鈍くなったり…。	視野	-1.6047836543090872
ja_593	japanese	例えば、視野が狭くなったり、記憶力・判断力が低下したり、筋力が衰えたり、反射神経が鈍くなったり…。	衰えたり	-2.0488627831638113
ja_594	japanese	例えば、視野が狭くなったり、記憶力・判断力が低下したり、筋力が衰えたり、反射神経が鈍くなったり…。	鈍く	-1.983966167986816
ja_595	japanese	この不正取引の情報はチケット販売委託会社の幹部がやりとりした電子メールにより判明した。	チケット販売委託会社	-1.940957385854292
ja_596	japanese	この不正取引の情報はチケット販売委託会社の幹部がやりとりした電子メールにより判明した。	幹部	-1.86488937523081
ja_597	japanese	この不正取引の情報はチケット販売委託会社の幹部がやりとりした電子メールにより判明した。	やりとりした	-1.6635119017997944
ja_598	japanese	うち2回はこれ以上ないほどの完璧な失敗に終わった。	うち	-0.5898792408285753
ja_599	japanese	うち2回はこれ以上ないほどの完璧な失敗に終わった。	これ以上ない	-0.46857711194553
ja_600	japanese	うち2回はこれ以上ないほどの完璧な失敗に終わった。	完璧な	-1.1792442789495852
