abang	-5.011791296383432
aborsi	-5.636468974763807
abu	-4.620382154870352
acar	-5.424566335003006
acara	-4.036805569236403
adat	-5.482797892735408
aerobik	-6.383021239075748
agar-agar	-6.089678072078058
agresif	-4.986913699290766
air	-3.471601945215343
air terjun	-4.748314216197804
akal	-4.008015780954588
aksi	-4.5795880838412275
akta	-5.790591231700079
aktivis	-5.825028874379086
alam	-4.076765560126116
alami	-4.401385404074763
alasan	-3.6569807296398653
alat	-4.063896908684041
alergi	-4.9802321139342505
alis	-5.454050733103827
aljabar	-5.883623589644934
alkohol	-4.647394328510913
alun-alun	-5.5346700416637695
aman	-3.53373116620212
ambisi	-5.127748733972442
ambisius	-5.3777202815925085
amis	-6.1014695968076165
amok	-7.837866099084258
amoral	-6.526112238028504
anak	-3.022082541292954
anak-anak	-3.533397114230089
ancaman	-4.297974894549468
aneh	-3.530873107094958
anggun	-5.52823593165836
anggur	-4.331970317864508
angin	-4.17733263238617
anjing	-3.766812986173987
anjing kecil	-3.766812986173987
antarnegara	-6.992768059070002
api	-3.777678382166558
arah	-3.9004485176071206
arang	-5.420394405880965
arif	-6.14326090015069
aritmetika	-7.439926090412221
arogan	-5.523998878715105
asam	-5.004400238913566
asap	-4.589770167990129
asing	-4.094944676484963
asmara	-5.431325918650304
astronot	-5.078576066059955
asyik	-5.117293378719998
atletik	-5.647534400913967
atmosfer	-5.218772768457516
awan	-4.681771468444831
ayah	-3.020304034670098
babi	-4.274147759118581
badai	-4.3001729047168675
badan	-4.420976068911246
bagian	-3.454463688592443
bagus	-2.914819060563974
bahagia	-3.828393956521445
bahasa	-3.819207201498741
bahaya	-4.056685378146997
baik	-2.642607296159939
bajing	-5.80243636089971
bajingan	-3.7300966572257126
bak	-4.81688365616584
bakat	-4.52930168552302
balai kota	-5.306387182042004
banci	-5.014391869913958
bandara	-4.449764897513742
bangga	-4.120861692043712
bangkai	-5.253534874716728
bangkrut	-4.883141308105196
bangku	-5.071453251971859
bangsa	-4.448965990730022
bangsat	-4.485008536677262
bangun	-3.6641846093557997
banjir	-5.0354344726535345
bank	-4.0862021528232715
bantal	-5.082753832689187
bantuan	-3.6931051383081854
bar	-4.24707997522338
barang	-3.875852111435074
barbel	-6.607417177705985
batang	-5.010820082079524
batasan	-5.134144939157238
batu	-3.963790353861224
bau	-4.123913786162758
bayangan	-4.4798360225073015
bayi	-3.8580219221910244
beban	-4.571634402394365
bebas	-3.9340980565573846
becek	-6.633746116428334
bedah	-4.799444653441799
bedeng	-7.439926090412221
bedil	-6.676498096849284
bekas	-4.430390213793003
beku	-4.945493191685822
belajar	-3.726435547318278
belati	-4.896106285269563
belatung	-5.693291891474642
benak	-5.945771496393778
bencana	-4.557743202781951
benci	-3.9707523192522816
bendahara	-6.081991243411767
bendera	-4.773220954292322
bendungan	-5.309592321917215
bentrokan	-6.161172489459392
beracun	-4.819790035438463
berahi	-7.059714848700615
berang	-6.052536264073492
berani	-3.9000724724871647
berbagi	-4.301939357688689
berbaring	-4.535102390611277
berbohong	-3.9305084909530854
berbudaya	-6.147670019055745
bercela	-6.740956086076202
berdebar	-5.348610930714998
berdenyut	-5.77340810985734
berdetak	-4.955626251065435
berdosa	-4.770423256307878
bergairah	-5.157530585669695
bergembira	-5.480884698091128
bergulir	-5.570694370681244
berguna	-4.042855540452813
berharap	-3.7191881133937956
beri-beri	-7.2358061077562965
berisik	-4.715322575015504
berita	-3.8901873591473217
berjuang	-4.1503817289145735
berkarat	-5.3347566624128895
berkelahi	-4.419896456869521
berkuasa	-4.64978172536932
berlian	-4.617627219149854
bermain-main	-4.7601349194318665
bermartabat	-5.812560233819489
bermasalah	-4.655023640525566
bermusuhan	-5.383021239075748
berotot	-5.6036019747054695
bersahabat	-5.025621402283889
bersalah	-3.9674914599181106
bersenyawa	-7.536836103420277
berseri	-6.332716120764353
bersiul	-5.348610930714998
bersorak	-5.010496826030433
bersyukur	-4.764697836819157
bertanya-tanya	-4.505326652194148
bertenaga	-5.540105587985124
bertengkar	-4.5380320584384
berteriak	-4.222389507633084
berterimakasih	-5.136730032991732
bertunangan	-5.022620507167695
beruang	-4.4009087684148085
beruntung	-3.8528664942400495
besar hati	-3.611820692006531
besi	-4.327120073145336
betis	-5.878824706763165
biadab	-5.388387699896893
biarawati	-5.383021239075748
biasa	-3.4135481047298093
bibi	-4.264762315920267
bibir	-4.916960494920234
bijaksana	-4.682226465324482
bimbang	-5.382259986502391
binatang buas	-4.8569541613074145
bingung	-4.40505709405109
bintang	-4.026794039977349
biola	-5.430475194613527
biri-biri	-6.5156468043503395
biru	-4.176479401302489
bocah	-4.288740172326148
bodoh	-3.439465982075763
bohlam	-6.175108267402685
bom	-4.063020799488407
boneka	-4.419150602218663
bosan	-4.457745344815819
botol	-4.48897737601282
brutal	-5.049697727943091
buah	-4.2764665386422305
budak	-4.3595882671646535
bugil	-5.570694370681244
bui	-6.325982738105385
buket	-5.983560057283178
buku	-3.7035933424636296
bulan	-3.568995732063525
bulu	-4.67173212877915
bulu tangkis	-6.093573115961583
bumbu	-5.508468219723216
bumi	-3.806356647858129
bunga	-4.109431148110004
bunuh	-3.6371797231146417
bunuh diri	-3.6371797231146417
burung	-3.984532994081923
burung hantu	-4.057981135891614
bis	-4.782105634396523
busa	-5.551185129729328
busuk	-4.6642428413861765
buta	-4.371665996637521
cabul	-5.083135630060505
cacar	-5.608696396545158
cacat	-4.740088364544975
cadangan	-4.630366375776953
cakar	-5.047580935051017
cakram	-6.138896094748239
campak	-6.045474409586005
candi	-5.806457634832634
cantik	-3.636810535522194
capek	-5.087743572300859
cara	-3.2686092657556483
catur	-5.004400238913566
cela	-6.045474409586005
cemar	-7.536836103420277
cemas	-4.515853660501858
cemburu	-4.606523961180362
cendawan	-6.723922746777422
cendekiawan	-6.147670019055745
cendol	-7.536836103420277
cengkih	-7.837866099084258
cepat	-3.0534592299524244
cerah	-4.695946225170378
ceria	-5.174636464551391
cetakan	-5.317382566343467
cibiran	-7.2937980547339825
cinta	-3.4505652766359733
ciuman	-4.474254119192114
cokelat	-4.779440074627253
cuek	-6.041986081740183
curiga	-4.861057761746192
cuti	-4.912811978772416
dada	-4.646834490235641
dadar	-5.536836103420278
dagu	-5.570694370681244
dahak	-6.908447173369966
dahsyat	-5.312821292047413
daki	-6.406502334925271
damai	-4.386079663559968
danau	-4.56347730353388
dapur	-4.467908491738205
darah	-3.7068733465891626
dataran	-5.306387182042004
daun	-4.734233393874518
daya tarik	-4.32839474698171
debit	-6.219818002372166
definisi	-5.518760039774482
dekret	-8.13889609474824
demam	-4.843769009496048
demen	-6.633746116428334
demokrasi	-5.197384662113837
dendam	-4.190825613229299
dengki	-6.170413146194305
deposito	-5.796473413926034
depresi	-5.0316861251003715
desa	-4.135952887871914
desain	-4.957052506803467
detail	-4.966585126226286
dewasa	-4.1226987412358005
dibakar	-4.909214252430564
dihormati	-5.028643177394836
dikagumi	-5.965709826335965
dikasihi	-6.594828050397964
dingin	-3.892422134518896
dipan	-6.2358061077562965
dipermalukan	-5.33339523658984
direktur	-4.249146319484202
diri	-3.2863612078062925
diskotek	-6.992768059070002
dokter	-3.65751080263547
dokter gigi	-4.231054952165295
dolar	-3.9669065120461213
domisili	-7.184653585308915
dongkol	-6.962804835692558
dosa	-4.594331997252197
dosen	-5.623022251036561
dubur	-6.258082502467448
duka	-5.196888041725926
dukacita	-6.439926090412221
dunia	-3.2159060934645614
duri	-5.422058371448715
dusun	-6.021624799092476
edan	-5.712384833383664
egois	-4.730316969339572
ejekan	-5.526112238028504
eksekusi	-5.094356334355829
ekstasi	-5.744444413922023
ekuivalen	-8.13889609474824
elang	-4.775660290264546
elevator	-5.374719962357909
emas	-4.070005540490304
emosi	-4.588423137641676
empuk	-5.412168885721668
energik	-6.175108267402685
enggan	-5.465875187619344
erotis	-5.612556817358396
evaluasi	-5.399323750298148
fajar	-4.821668745571819
fantasi	-5.112771578002789
fase	-5.217730044110501
film	-3.865593816180583
firdaus	-6.081991243411767
frase	-5.831400056835027
frekuensi	-4.942443553044851
frustasi	-5.288249859565173
gabus	-6.194413422598071
gadis	-3.351882188283076
gagah	-5.1350049285113295
gaib	-5.267323159202361
gairah	-4.999962154491316
galau	-5.784787655600839
ganas	-5.123955744955303
gang	-4.752397129197586
gangguan	-4.5108138337575605
garam	-4.902106995338947
garmen	-6.8601424937954105
garpu	-5.267907280987664
garuda	-6.353566259737472
gaun	-4.50331182843701
gedung	-4.069375993913013
gelap	-4.073204366654969
geli	-5.355707403672982
gelisah	-4.788842001169209
gemas	-7.2358061077562965
gembira	-4.614240382390463
gembong	-5.9374989704277885
gempa	-4.760679944998362
gemuk	-4.553322576125509
gengsi	-6.332716120764353
gentar	-5.7156502208114315
gerai	-6.691738063406021
geram	-5.98967698209286
gereja	-4.261351987032295
gerobak	-5.254100730799259
getar hati	-6.130295922986322
getir	-6.7075323305892525
gigi	-4.231054952165295
gila	-3.3800523026428873
girang	-6.152124360481995
giring-giring	-7.661774840028578
gletser	-5.727276388785009
gol	-5.021624799092476
golok	-5.8601424937954105
gosip	-4.989985101638883
granat	-4.909214252430564
gratis	-4.376893125373124
gregetan	-7.661774840028578
gua	-4.459649949334381
gudang	-4.462476863029879
gugatan	-5.345804494571659
gugup	-4.411029645280751
gula	-4.663660872144112
gumpalan	-5.478030616744371
gundah	-6.281563598316971
gunting	-5.088129783515197
gunung	-4.138115067394744
gunung api	-4.138115067394744
gurih	-6.204397643504672
guru	-3.7560508984519787
gusar	-5.790591231700079
guyon	-6.676498096849284
hadiah	-3.928096184351489
hadir	-4.456390008809229
haji	-5.7222555874099585
hak	-4.11478002192147
hakikat	-6.306387182042004
halus	-4.780390183258004
hama	-5.322654794756456
hancur	-4.110935234962792
hansip	-7.661774840028578
harapan	-4.072980426559647
hari	-2.844138966687006
harimau	-4.763049658439083
harta karun	-4.896106285269563
haru	-5.535751722128057
hasrat	-5.0955338167271105
hati	-3.611820692006531
hebat	-3.471816889284023
heran	-4.596942620290004
heroin	-5.156172707079694
hidran	-6.661774840028578
hidung	-4.677697806125747
hidup	-3.0501966750477703
hijau	-4.2991667195418515
hilang	-3.699563400917977
hina	-5.165306471320982
hinaan	-5.728962971416945
histeris	-5.480884698091128
hitam	-3.921833488895689
hiu	-4.738185457975009
hiu	-4.738185457975009
hormat	-4.292064341924982
hostel	-6.353566259737472
hotel	-4.123368690434453
hubungan	-3.923232099099792
hujan	-4.20601663692444
hukuman	-4.340521718066679
humor	-5.107083823417869
huru-hara	-6.138896094748239
iba	-5.848861483385722
iblis	-4.156715349151837
ibu	-3.16870269014913
ide	-3.747784481045437
identitas	-4.560256884780167
idiot	-4.265226802041445
idola	-5.55797111907262
ijazah	-5.66322490642381
ikan	-4.100355408410782
ikhlas	-5.934776112092315
ikut-ikutan	-5.8764450050178105
imbalan	-4.982649904350895
impoten	-5.85559486604469
industri	-4.723088367112696
infeksi	-4.988753932899681
inferior	-6.633746116428334
infrastruktur	-5.751506268409511
ingatan	-4.527385207621584
ingin	-2.5545060636512336
ingin tahu	-2.5545060636512336
insentif	-6.005357186378022
intelijen	-4.783827888399389
internet	-4.4877150323035515
intim	-5.434745577908441
intimidasi	-5.913586813022377
iri	-4.774345099394268
istana	-4.22577130435868
istirahat	-4.1191153643445935
istri	-3.977827709277065
jagoan	-4.856727316443598
jahat	-3.865362414596942
jalan	-3.22831437446096
jalan besar	-3.22831437446096
jalan raya	-4.699247665184766
jam	-3.3365397662442535
jamur	-5.015698019716241
janggal	-5.521895753627341
jantung	-4.193476752145177
jari	-4.283922421021822
jarum	-4.800838219328484
jatuh	-3.6146817781892184
jauh	-3.509150200580958
jawaban	-4.14607757468156
jaya	-5.929381080205609
jelek	-4.262101118547539
jelita	-6.161172489459392
jendela	-4.205004058984029
jender	-6.992768059070002
jengkel	-5.313469976980417
jenuh	-5.965709826335965
jerami	-5.116467723562753
jerat	-5.871724366345226
jeritan	-5.063714240129548
jijik	-5.252405369575758
jimat	-4.984776569232393
jinak	-5.591121389360417
jiwa	-4.115355573193385
joget	-6.306387182042004
juara	-4.365548552767416
jujur	-4.003095811446128
jurang	-4.988446685287359
jurnal	-5.161172489459392
juru	-4.911009390134566
jurusan	-5.192443829735167
jus	-4.846640023391764
jutawan	-5.505427639168653
kabar	-3.679382986385011
kabinet	-5.520847998036147
kaca	-4.492198363448905
kacamata	-4.777924211022304
kacau	-4.167620246010134
kagum	-4.9602068549726495
kaidah	-7.097503409590015
kain	-4.770981355954487
kaki	-3.7389456203619282
kaku	-4.982649904350895
kalah	-3.9963814897488654
kalajengking	-5.5637082498205785
kalap	-6.332716120764353
kalut	-6.258082502467448
kamar	-3.7171276935413156
kamar mayat	-4.1259323949224616
kambing hitam	-4.757781014038389
kampus	-4.597316850801659
kanal	-5.607417177705985
kangen	-5.258654318852759
kanker	-4.658027171061072
kantong	-4.642104779048197
kantor	-3.8706692570836108
kapal	-3.6544538871058325
kapal pesiar	-5.374719962357909
kapur	-5.5556973207796165
karantina	-5.207438224059235
karier	-5.712384833383664
kartu as	-4.3186946352626
kas	-5.4847195528702795
kasar	-4.2999211397927715
kasih	-2.873561674264095
kasih sayang	-3.2398968238584507
kasihan	-4.443764797044214
kasino	-4.966585126226286
kasir	-5.429626133772409
kasmaran	-6.035092373792283
katak	-5.048990983308841
kaus kaki	-5.07294311443437
kaya	-4.120362024320056
keadilan	-4.445608937742584
keajaiban	-4.419564807764513
kebahagiaan	-4.565560254682172
kebaikan	-4.371517570634059
kebajikan	-5.419564807764513
kebanggaan	-4.952222227248495
kebanjiran	-6.1014695968076165
kebebasan	-4.451099683366945
kebenaran	-4.115355573193385
kebencian	-4.779250302073697
keberangan	-8.13889609474824
kebetulan	-4.2945431984373466
kebiadaban	-6.368044083106096
kebiasaan	-4.6545962554014535
kebodohan	-5.153020737439846
kebosanan	-5.85559486604469
kebun	-4.593836510054237
kecamatan	-6.740956086076202
kecanduan	-5.080470070291234
kecantikan	-4.885073656040166
kecelakaan	-4.033454039946545
kecemasan	-5.3416285539175234
kecemburuan	-5.702733447707484
kecerdasan	-5.000593396581959
kecewa	-4.506438802563515
kecil	-3.2636264200199463
kecil hati	-3.611820692006531
kecoak	-5.760498193800102
kedengkian	-6.287637746029165
kegagalan	-4.726771688574923
kegandrungan	-8.13889609474824
kegembiraan	-5.089678072078058
kehangatan	-5.369518768672101
keharuan	-7.059714848700615
keharuman	-6.559112498131429
keheranan	-6.353566259737472
kehidupan	-3.6898962230023113
kehormatan	-4.186491155171216
keinginan	-4.376667810461766
kejahatan	-4.051753815364432
kejam	-4.307474277683218
kejayaan	-5.161172489459392
kekacauan	-4.361686836602555
kekasih	-4.577914039162004
kekayaan	-4.852888972668765
kekeliruan	-5.637836832530488
kekhawatiran	-5.190972474916514
keki	-7.661774840028578
kekuasaan	-4.461836917356078
kekuatan	-3.672265696566847
kelaparan	-4.460013680077504
kelelawar	-4.914104138255558
kelimpahan	-6.138896094748239
kelincahan	-6.258082502467448
kelinci	-4.549840563695896
keluarga	-3.5053973406105507
kelumpuhan	-5.718940346258481
kemajuan	-4.6976724205056275
kemarahan	-4.71043732123266
kematian	-3.750812663364591
kembang api	-4.906917067916735
kemenangan	-4.329740563001059
kemerdekaan	-5.038870364640377
kemesraan	-6.691738063406021
kemewahan	-5.454948963996728
kemiskinan	-5.412168885721668
kemuliaan	-5.116055483871712
kenakalan	-5.905899984356086
kenangan	-4.396957017019041
kencing	-4.662209351802595
kendala	-5.786713576636878
kendaraan	-4.454499616329219
kendi	-5.89834684646564
kengerian	-5.420394405880965
kenikmatan	-5.40569882964167
kentut	-5.093573115961583
kenyamanan	-5.190483128969639
kepala pelayan	-4.407226762919604
keperawatan	-6.269664375017263
kepingin	-6.777168258730647
kepuasan	-5.346504405249986
keranjang	-5.109106623916384
keras	-3.6652923553122876
kereta	-3.9237875136951463
keriangan	-6.883623589644934
kertas	-4.360744844364596
kerusakan	-4.445784979286098
kerusuhan	-5.149891479049703
kesakitan	-4.794307352169525
kesal	-4.5375967845539025
kesedihan	-4.75742000447321
kesehatan	-4.572222957142123
kesejahteraan	-5.354278802115364
kesempatan	-3.6182029983472366
kesempurnaan	-5.391484286861816
kesenangan	-4.573993422219035
kesendirian	-5.625678494680301
kesengsaraan	-5.4081138190818505
kesepakatan	-4.1502033921984225
kesepian	-4.480693841361225
keserakahan	-5.354992515475505
kesombongan	-5.494457505280401
kesopanan	-5.487618080750096
kesulitan	-4.322986443861465
kesuraman	-6.582593593980953
kesusahan	-5.4895612360360975
ketakjuban	-7.138896094748239
ketakutan	-4.048814476709419
ketel	-5.833544725301616
ketenaran	-5.330010227388428
ketiak	-5.857862727500512
keunggulan	-5.664679830671984
keuntungan	-4.388156343512889
kewalahan	-5.5156468043503395
khawatir	-3.5501987078101234
khidmat	-6.156624861708671
kikuk	-5.886043063768346
kincir angin	-5.5838016461699205
koin	-4.7393954334336295
kolam	-4.527491457036646
kolom	-5.32464849901632
kolumnis	-6.676498096849284
komedi	-5.460377715708126
komentator	-6.045474409586005
komet	-5.328663576753156
komisaris	-4.9115236524586035
kompor	-5.602337652176709
komputer	-4.195253211996111
komunis	-5.133286649387959
konferensi	-4.812560233819488
konsentrasi	-4.8479715353654855
konsolidasi	-6.457654857372653
konteks	-5.755080728767808
kontrarevolusioner	-7.661774840028578
konveksi	-6.992768059070002
konyol	-4.248419185788069
kopi	-4.1079726951210205
koran	-4.586227878636047
korban	-4.02063136865876
koridor	-5.105070400794929
korup	-5.215652076117963
kota	-3.418249001107729
kotor	-4.23852896609177
kotoran	-4.269019281481473
kredit	-4.6909632291560595
krisis	-4.899096276301141
kuadrat	-5.888476092439346
kualitas	-4.919311568533985
kuat	-3.6299087561113215
kuburan	-4.748314216197804
kucing	-4.194117413624733
kuda	-4.0502285422058355
kue	-4.19748405437469
kue mangkok	-5.764147748738136
kuil	-4.541969280405269
kuitansi	-6.582593593980953
kuku	-4.979930834364829
kulit	-4.115437857104564
kulkas	-5.1328581397509225
kuman	-5.694851298830163
kumuh	-5.336122369456264
kumulatif	-7.138896094748239
kunci	-3.9282031139302402
kuning	-4.589892832722452
kupu-kupu	-5.038525549630677
kurang ajar	-4.766536512223916
kurang baik	-3.8895265000567236
kursi	-4.215859426077453
kutu	-4.8094982153871975
kutu rambut	-4.8094982153871975
laba	-5.219818002372166
labah-labah	-6.117706795678302
laboratorium	-4.736462748528928
ladang	-4.90819178113567
lagu	-3.9523070034758327
lalai	-5.829265927322341
lambang	-5.285197882972065
lambat	-4.3968783476081015
lambung	-5.3961709634435415
lampion	-6.485683580972896
lampu	-4.222179017149427
lancar	-4.577794711099184
langit	-4.149802402137914
lapangan	-4.312562089126019
lapar	-4.099680328844289
lapuk	-6.300047004010985
laser	-4.987832841394489
latihan	-4.11219943877008
laut	-3.8507139641345822
lawatan	-6.368044083106096
lebah	-4.625678494680301
lega	-4.867751776799161
legenda	-4.489366528800421
leher	-4.661196166416109
lelah	-4.144578942078603
lelucon	-4.291200074014074
lemah	-4.128468922031191
lemak	-4.947165701385384
lemas	-5.475195169358591
lembek	-5.425405551654297
lembut	-4.411924511065363
lendir	-5.844429868586647
lengan	-4.556378211144177
lentera	-5.461289142027747
lentur	-5.794503821063129
lepra	-6.306387182042004
lesbian	-5.254667325115635
lesu	-5.926708490344282
lezat	-4.585255758516886
liburan	-4.46874304955606
lidah	-4.914622080453982
lilin	-4.846418501080455
limbah	-5.240719611250563
limpa	-5.867054488211741
limusin	-5.918788006708184
lincah	-5.554564870380709
lingkaran	-4.623419653365864
lingkungan	-4.465782990510006
lipas	-6.908447173369966
logam	-4.689417695560874
lokakarya	-6.2468014920577595
loker	-5.265575492932841
longsor	-5.796473413926034
loteng	-5.187558575952322
lotere	-5.66322490642381
loyal	-5.779060612408352
luar angkasa	-4.297348929491687
luar biasa	-3.4135481047298093
lucu	-3.7761121312783255
luka	-4.140331636487298
lulusan	-5.2008769972720295
lumbung	-5.568353154866342
lumpur	-4.8668223072482295
lumut	-6.130295922986322
lunak	-5.123117338359199
mabuk	-4.0574047662225405
madu	-4.630366375776953
mahasiswa	-4.643629350360429
mahkota	-4.444905484287463
mainan	-4.5070466325884215
majalah	-4.746375004816308
makam	-4.8042413278649985
makan	-3.239907784109859
makan malam	-3.239907784109859
makanan	-3.698932158827335
mal	-5.060801944341829
malaikat	-4.378624434206176
malaria	-5.846640023391764
malas	-5.100673456379521
malu	-4.137465282501841
mampu	-3.9478365129208415
manajemen	-5.147670019055745
manajer	-4.581028133180218
mandek	-6.992768059070002
mandi	-4.034887243748996
mangkel	-7.837866099084258
mangkuk	-5.09201090391053
maniak	-5.248475075947326
manis	-3.954971742991239
manja	-5.277959474048146
manusiawi	-5.290091393696436
marah	-3.7208932762238036
margin	-6.161172489459392
marmut	-6.165768241148541
mars	-4.832900211977435
martabat	-5.347205445728122
masa	-3.4814195435797886
masakan	-4.933421058007349
masjid	-5.535751722128057
massa	-5.08581765126482
masturbasi	-5.2379830270105705
mata	-3.6306762156735815
matahari	-4.002017054872723
matang	-5.0111435789152665
matematika	-4.775660290264546
materiil	-7.439926090412221
mati	-2.9714576471357117
mayat	-4.1259323949224616
meja	-4.103506385549562
melangkah	-4.581749952429877
melawan	-3.7453910861582784
melepuh	-6.2094771690339465
melodi	-5.702733447707484
melukai	-4.589770167990129
melukis	-4.946607482180119
melunakkan	-6.339555545294658
melupakan	-4.247525920052092
memalukan	-4.31876034287781
memamah 	-7.184653585308915
memamah biak	-7.184653585308915
memanggang	-5.416262172214427
mematuhi	-4.923258531313178
membakar	-4.349456410181061
membayangkan	-4.414948118316596
membelai	-5.764147748738136
membenci	-4.432348992107882
memberkati	-4.902610817300212
membuang	-4.302571979041488
membusuk	-4.896354666449856
memecah	-5.345105710057421
memelihara	-5.2166898173092235
memeluk	-5.058269607826434
memendam	-5.968634379353282
memijat	-5.767828232476504
memimpikan	-5.218772768457516
memompa	-5.495443418262052
memotong	-4.215393027806135
memperlakukan	-4.677247526684785
mempesona	-5.053962519811524
memuakkan	-5.522946043091839
memualkan	-7.097503409590015
memukau	-5.704327190714041
memukul	-4.182103574377745
memutilasi	-6.2358061077562965
menahan	-4.182295506535063
menampar	-5.259226889116186
menangis	-3.9340980565573846
menanti	-5.010820082079524
menara	-4.381424146982572
menarik	-3.6485723431985666
mencaci	-6.353566259737472
mencampakkan	-5.739222373267202
mencapit	-7.837866099084258
menceraikan	-5.951375373911777
menciptakan	-4.207387372881622
mencium	-4.32799181407954
mencolek	-6.8601424937954105
mencubit	-5.959919147455071
mendarat	-4.353851136416695
mendendam	-6.3754681011853025
mendengki	-8.13889609474824
mendung	-5.8533387857404655
menebak	-4.813380431385092
menendang	-4.597691404064982
menenggelamkan	-5.330010227388428
mengabaikan	-4.658027171061072
mengabdikan	-5.536836103420278
mengajar	-4.557060170690591
mengaktifkan	-4.959344303583052
mengamankan	-4.924317141177741
mengawal	-5.266739821999947
mengayuh	-5.869383150530323
mengecat	-5.439058368880994
mengecewakan	-4.676498096849284
mengedipkan	-5.65317466826666
mengejek	-5.107891813384703
mengeluhkan	-5.9374989704277885
mengembang	-5.790591231700079
mengendalikan	-4.336122369456264
mengerikan	-3.9784575781066946
mengerti	-3.199536612013481
mengetik	-5.448700014719726
mengganggu	-4.097266586273102
menggantung	-4.837215145454664
menggapai	-5.682530061619197
menggaruk	-5.495443418262052
menggemaskan	-5.2379830270105705
menggetarkan 	-5.846640023391764
menggiling	-5.992768059070002
menggoda	-4.84708340728112
menggunting	-6.325982738105385
menghalangi	-4.598942253091843
menghancurkan	-3.825176475253147
menghanguskan	-6.063349133355709
menghias	-5.957052506803467
menghina 	-4.849976489086513
menghindar	-4.914104138255558
menghormati	-4.447726160616636
mengigit	-5.867054488211741
mengilhami	-6.028306384448991
menginginkan	-4.059425415513026
menginspirasi	-5.245689341688392
mengkhianati	-4.604996993951645
mengobati	-5.071081583586399
mengotori	-5.184171303769177
mengucilkan	-6.339555545294658
menikam	-5.436465558302714
meningkatkan	-4.619593245512811
menjangkau	-5.439058368880994
menjengkelkan	-4.854014380092787
menjerit	-4.788454238213179
menjijikkan	-4.516682071781944
menonton	-4.082486774098322
menopang	-5.777168258730647
mentah	-5.346504405249986
menteri	-4.309914140740316
menulis	-3.947221562789011
menumis	-7.360744844364596
menyakiti	-4.254270631492005
menyalibkan	-6.526112238028504
menyambar	-5.44079554912485
menyampaikan	-4.707050049049514
menyapa	-5.013414829047646
menyayangkan	-6.594828050397964
menyelamatkan	-3.6625427721532264
menyembuhkan	-4.685730702222383
menyembunyikan	-4.294418919002558
menyemprot	-5.831400056835027
menyenangkan	-3.698459328642466
menyesali	-5.087357704232912
menyesatkan	-5.585013068104366
menyetrika	-6.08581765126482
menyiksa	-4.863815196291381
menyinggung	-5.056829160463127
menyukai	-3.964661789807218
menyusul	-4.891168261838517
merah	-3.942333059600188
meramu	-6.422892751113441
merantau	-6.570694370681244
merapat	-5.548946493422532
merawat	-4.656022511139486
mercu suar	-6.495443418262052
merdeka	-5.325982738105384
meresapi	-6.777168258730647
meriam	-4.829265927322341
merpati	-5.124375555990316
merusak	-4.173459194971979
mesin	-3.842318649609121
mesra	-5.85559486604469
metode	-4.8601424937954105
mewah	-4.735432393402922
militer	-4.1375951617278215
mimpi	-3.886820150948439
mimpi buruk	-3.886820150948439
minat	-5.260949143119052
minuman	-4.138245141118644
minyak tanah	-4.480789259241846
mistik	-5.67202847439413
mobil	-3.4037844529092465
mobilitas	-6.607417177705985
modar	-6.723922746777422
monyet	-4.489074631523675
moral	-4.942443553044851
motel	-4.953070735135277
muak	-4.621700196798265
mual	-5.162087757410173
muda	-3.7408345006424355
mudah	-3.6227310536039976
mulut	-4.226302096996134
muntah	-4.653884880169667
muram	-5.751506268409511
murka	-5.359299603490415
murni	-4.615670052782539
murung	-5.443414418258042
museum	-4.726939856817838
musik	-4.032467199954828
musim gugur	-4.847527244296657
musim semi	-4.7490215363572545
muslihat	-5.41380157366677
mutasi	-5.3521446726026785
nafsu	-4.967754943719858
naik darah	-3.7068733465891626
naik pitam	-6.582593593980953
nama	-3.4093020842520527
nanah	-6.1014695968076165
napas	-4.558085122087293
narkotik	-5.903367647840691
nasi	-4.919049708723879
natal	-4.263313990420354
negara	-3.745619297253679
nektar	-5.9374989704277885
neraka	-4.06291141000412
nestapa	-6.934776112092315
neurotik	-6.505427639168653
ngambek	-6.39070806774204
ngeri	-5.623022251036561
nyaman	-4.0983728683026435
nyamuk	-5.270251656353414
nyeri	-5.387616990764897
nyiur	-8.13889609474824
obat	-3.954289828061104
obesitas	-6.170413146194305
obsesi	-5.393040899574511
olok-olok	-6.431325918650304
ombak	-5.162546115744966
omong kosong	-3.8435049471762577
opini	-5.501406365235729
opsi	-5.5935889782824155
optimisme	-6.097503409590015
orang	-2.4994524393871447
orang-orang	-3.3909485473262633
orgasme	-5.393040899574511
orkestra	-5.592353431270109
otak	-4.112812473947252
pabrik	-4.518343650018805
pacar	-4.151721593660698
pai	-5.169946413766897
pakaian	-4.004113565366384
palsu	-4.193476752145177
palu	-4.978127532887112
palung	-6.126058870043067
paman	-3.954573829171083
pamflet	-5.992768059070002
panah	-4.609979394470585
panda	-4.814819515008753
panik	-4.430900348325311
panitia	-5.77340810985734
pantai	-4.180571163104187
pantat	-4.491122044479409
panter	-7.837866099084258
papan	-4.569990679765361
paradigma	-6.406502334925271
parah	-4.282892640751019
parfum	-5.136730032991732
parlemen	-5.301939357688689
partai	-4.773033879345685
partai	-4.773033879345685
partisipasi	-5.8740782717387034
pasal	-5.172285108066306
pasangan	-4.265808109157954
pasar	-4.425069670367715
pasien	-4.288617542230202
pasir	-4.4775567547422
pasta	-5.138896094748239
patah hati	-4.385542882106744
paten	-5.569522185133194
patriot	-5.234180549469559
patung	-4.657596821415384
paus	-4.581268606321413
paviliun	-5.908447173369966
payung	-5.1350049285113295
pedas	-5.071453251971859
pejabat	-4.744794792708195
pekat	-5.959919147455071
pekerjaan	-3.5319990424819676
pelacur	-4.186588085086115
pelan	-4.627815249209121
pelangi	-5.169946413766897
pelari	-5.167156503860461
pelayaran	-5.505427639168653
pelipis	-6.431325918650304
peluang	-4.581509212688733
peluit	-5.2803588971786
peluk	-5.115232176550446
pelukan	-4.852664240719687
peluru	-4.108134503797223
pemain	-4.277063097090295
pemakaman	-4.544835193477821
pembantai	-5.485683580972896
pembantaian	-4.966585126226286
pembelot	-5.651757719271053
pemberontakan	-4.860371130011222
pembunuh	-3.872499745559647
pembunuhan	-3.938839428776025
pemenggal	-6.691738063406021
pemerasan	-5.300676872840614
pemerintah	-4.09758237940238
pemilu	-5.179377717775242
pemimpin	-4.127452532726165
pemuda	-4.559569890992985
pemuka	-6.448700014719726
penalti	-5.6750031057623325
penalti	-5.6750031057623325
penari	-4.6946951058840805
pencabut nyawa	-5.883623589644934
pencakar langit	-6.011791296383432
pencandu	-6.319352159206371
pencukur	-6.439926090412221
penculikan	-4.856273981870177
pencundang	-6.360744844364596
pencuri	-4.254497269191553
penderitaan	-4.599819995955463
pendeta	-4.4483456332378815
pendidikan	-4.865663260705194
penduduk	-4.454589448676608
penerimaan	-5.268492189469213
pengacau	-5.287026494018473
pengadilan	-4.224764582117346
pengamat	-5.592353431270109
pengaruh	-4.71943602196217
pengecut	-4.324515300278302
pengemis	-5.133286649387959
pengering 	-5.728962971416945
pengetahuan	-4.46055984801606
penggawa	-7.837866099084258
penghapus	-6.179854702427146
penghargaan	-4.66745768735894
penghujatan	-6.005357186378022
pengkhianat	-4.490340939085569
pengki	-6.883623589644934
pengrusakan	-6.130295922986322
penguburan	-5.905899984356086
penipuan	-4.916439758068993
penis	-4.667017895440949
penistaan	-6.777168258730647
penjaga	-4.042542334754945
penjahat	-4.11387712246548
penjara	-3.821250551527081
penolakan	-5.2809608300288104
pensil	-5.196391988580159
penulis	-4.592847228346505
penyakit	-4.267790393762654
penyalahgunaan	-5.55797111907262
penyegar	-6.161172489459392
penyelam	-5.461289142027747
penyelamat	-4.716470418377035
penyelamatan	-4.89190539550669
penyelia	-6.485683580972896
penyepelean	-8.13889609474824
penyerangan	-4.777357123478961
penyerbu	-6.067014087442114
penyerbuan	-5.7222555874099585
penyesalan	-4.971874298957983
penyiksaan	-5.114821107440814
perabot	-5.818749808637186
perahu layar	-4.680107213037394
perampok	-4.871959183589067
peranan	-5.844429868586647
perang	-3.6445327554809315
peranti	-6.422892751113441
perasaan	-4.048567487924817
peraturan	-4.4017034520435026
perawan	-4.848416281417567
perawat	-4.585013068104366
perban	-5.293178076781581
percaya	-3.2291582561247876
percaya diri	-3.2863612078062925
perdamaian	-4.526218176431738
perekam	-5.591121389360417
perempuan	-3.903872935253016
perenang	-5.464954096114152
pergelangan	-4.896106285269563
pergi	-2.5688145458911116
perilaku	-4.779060612408352
peristiwa	-4.611395083767119
perjalanan	-3.7394993026449277
perkakas	-5.727276388785009
perkasa	-5.061891767954889
perkawinan	-5.11688035493052
perkosaan	-5.755080728767808
perlindungan	-4.347135290735335
permainan	-3.8684967873507308
permata	-4.818126866409553
permen	-4.4929828197143955
pernyataan	-4.585013068104366
persegi	-5.2272059359943785
persoalan	-5.2839830724403845
pertanian	-4.908958408840306
pertanyaan	-3.7372543462504684
perut	-4.551297365026994
pesawat	-3.7151752150134447
pesenam	-6.11359022948347
pesisir	-5.217209619264637
pesona	-5.159803194109913
pesta	-3.8072663771183075
peti mati	-4.620119025821465
petinju	-5.172754362009207
petir	-4.706247434735133
petualangan	-4.73663471229356
petugas	-4.022952917809184
piala	-4.844871000652917
piaraan	-5.758684853036634
pidana	-5.3754681011853025
pikiran	-3.9313694392849055
pilihan	-3.7719504308956666
pilu	-6.796473413926034
pintu	-3.5911459959771497
pipa	-4.659032981725142
pipi	-5.292558982618434
pirang	-4.810312645034037
pisau	-4.207641688331826
pistol	-4.08948423387716
piton	-6.559112498131429
planet	-4.0111435789152665
pohon	-4.097898402324749
polisi	-3.3765551968265166
polos	-5.255234659594622
pondok	-5.082372370669139
pos	-4.434059488536836
poster	-5.218772768457516
praktik	-5.878824706763165
praktikum	-6.676498096849284
preman	-5.0751875353568225
presiden	-3.863630821641232
prestasi	-5.2166898173092235
pria	-3.20412503254773
prihatin	-4.977827709277065
privasi	-5.080090608072333
produk	-4.730147488563996
produktif	-5.543399872922666
profit	-6.281563598316971
promosi	-5.003127580180418
protes	-5.12987035266133
provinsi	-5.226142791076916
puas	-4.56243956234262
puisi	-4.719105508641877
pulau	-4.106075945309676
pulpen	-5.417085479535693
puntung	-5.983560057283178
pupuk	-5.540105587985124
pusar	-5.948564396577948
pusing	-4.77509614926913
putih	-3.9537507370725895
puting	-5.373973110098351
putra	-4.2125021944785574
putri	-3.8491956846195308
putus 	-4.199826344824816
putus asa	-4.608568304970153
rabies	-5.670548764336083
racun	-4.436207126589107
radiator	-5.833544725301616
radio	-4.257911104261487
radioaktif	-5.438192377603221
raja	-3.6185829069721356
ramah	-4.681014198014247
rapi	-4.936680318947108
rasa	-3.449294252307204
ratu	-4.035468697365472
rawa	-5.145459864250628
rayap	-5.911009390134566
razia	-5.921412150534334
redam	-6.676498096849284
referendum	-6.934776112092315
reformasi	-5.957052506803467
remuk	-5.762319137691728
rendah	-4.25614393913516
rendah hati	-4.25614393913516
rendang	-7.439926090412221
reptil	-5.586227878636047
resah	-5.7075323305892525
resep	-4.884106407351029
restoran	-4.3670147745581405
reuni	-5.1375951617278215
revolusi	-4.927508541811381
revolver	-6.147670019055745
riang	-5.359299603490415
rileks	-5.321330725188459
rinci	-5.277959474048146
rindu	-4.482031603199323
ring	-4.957910513961509
rintangan	-5.19342750961642
risau	-5.32464849901632
risiko	-4.686649520227802
roket	-4.797659471509547
romantis	-4.617235079636166
rompi	-5.097503409590015
rongsokan	-5.112362830224943
ruang	-3.691164553112265
ruangan	-4.016418080066728
rumah	-3.1233854524129527
rumah sakit	-3.411314175345991
rumput	-4.622492946300836
rusak	-4.105914901650872
rusuh	-6.048990983308841
saat	-2.8314835007365167
sabar	-4.3801355508382604
safir	-6.189506088103327
sakit 	-3.411314175345991
sakit gigi	-4.231054952165295
sakit hati	-3.611820692006531
sakit kepala	-3.5660477174725975
salad	-5.0736899666939275
salah	-3.1007530047782974
salam	-4.358218820314872
saleh	-5.848861483385722
salju	-4.41741523997819
sampah	-4.105311519232826
samudera	-5.140200936436584
sandera	-4.6518992063164175
sanggama	-7.837866099084258
santo	-5.499409605479654
sapi	-4.507858398211499
saputangan	-5.968634379353282
saraf	-4.802036273831431
sari	-5.180810246227154
sarjana	-5.153918968332746
sate	-6.147670019055745
satelit	-4.499310008074813
satpam	-5.501406365235729
satuan	-5.2615247488784656
saudara	-3.9253517762105727
saus	-4.871489675995336
sawah	-5.5648648270205205
sayang	-3.2398968238584507
sayur	-5.540105587985124
sebal	-6.161172489459392
sederhana	-4.190043188548526
sedih	-4.2101418925715866
segitiga	-5.184171303769177
sejarah	-4.071007288062841
sekarat	-4.390785627253256
sekolah	-3.5875070974752195
seks	-4.271428606889188
seksi	-4.299292365277402
sel	-4.3600216227455
selera	-4.811332834560962
selingkuh	-5.051469637711954
semangat	-4.31856324984883
sembahyang	-6.339555545294658
semesta	-4.4270045448676605
senam	-5.679503606989009
senang	-3.306975154765287
senapan	-4.556037632523741
sendiri	-3.0574083661585645
sendu	-6.448700014719726
senewen	-6.796473413926034
sengit	-5.351435620229824
seni	-4.305430234577547
senja	-5.363649835008003
senjata	-3.5162055422355882
sentimen	-5.755080728767808
senyawa	-5.430475194613527
sepakbola	-5.356423470581953
sepi	-4.9875262445007795
sepupu	-4.724926123000178
serangga	-4.73048651627981
serigala	-4.341905704202554
seringai	-6.332716120764353
serius	-3.671954369030602
serong	-7.024952742441403
sertifikat	-5.322654794756456
sesal	-6.011791296383432
setan	-4.308179145311342
setia	-4.4929828197143955
sia-sia	-4.503714046091972
siang	-3.942941121724715
sibuk	-3.9860270405312273
siku	-5.521895753627341
simpati	-5.2013782027308935
simpul	-5.507452325735068
sinar	-4.536510504643134
singa	-4.574348382992292
sinis	-5.518760039774482
sinting	-4.803839575309148
sipilis	-6.476138263066666
sirkus	-4.8973496141516915
sistematis	-6.011791296383432
skandal	-5.162546115744966
skeptis	-5.699563400917977
sok	-4.793326338691847
sombong	-4.724424145118937
sosial	-4.663079681716922
spanduk	-5.98053360265299
spidol	-6.052536264073492
stadion	-5.2615247488784656
stasiun	-4.278917653106219
stres	-4.811537160361909
suap	-5.196391988580159
sudut	-4.330347543507834
suguhan	-6.448700014719726
suka	-3.1691075573333007
sukacita	-5.300676872840614
sukarela	-5.137162381939239
sukaria	-7.360744844364596
sukses	-4.357643500499783
sumbat	-6.156624861708671
sundal	-5.352854884505685
sungai	-4.166971145564048
sup	-4.642658549581505
supel	-7.138896094748239
supermarket	-5.365841401383977
suram	-5.25580273617255
surat	-3.8714896759953357
surga	-4.294170466775014
survei	-5.594828050397964
susah 	-4.475949480415615
susu	-4.469207386692031
sutra	-5.135435562638733
tabah	-5.694851298830163
tabrakan	-5.089290482153267
tahu	-2.304841166326214
tajam	-4.676947599544478
tak acuh	-5.68710965922395
takjub	-5.551185129729328
taksi	-4.471723422269371
takut	-3.3924020134056505
takzim	-7.661774840028578
tali	-4.420892926481222
taman	-4.325315106180048
tampan	-4.228698724782238
tamparan	-5.4974219842441405
tanah	-3.765947288720452
tanah air	-3.765947288720452
tanaman	-4.635377782024165
tangan	-3.491405542479937
tangga	-4.300739909996092
tangkas	-5.8601424937954105
tangki	-4.9011011014743175
tank	-4.700037435327678
tarif	-5.69018977484316
taring	-5.376217531020804
taufan	-6.582593593980953
tawa	-5.19342750961642
tawanan	-4.9383191679933915
tawon	-5.934776112092315
tegang	-4.842889425434567
tekanan	-4.316662614509395
telanjang	-4.503915294697011
telat	-4.684356109783421
telepon	-3.7494464820681674
teluk	-4.894618973946397
telur	-4.403936333475794
teman	-3.3160222066347864
tembakan	-4.1148621968473345
tembakau	-5.507452325735068
tempat	-2.9714369727046797
tempe	-6.633746116428334
tempo	-5.221390585195693
tendangan	-4.99933182857239
tenggelam	-4.403696546325927
tengik	-5.439058368880994
tengkorak	-4.885800508899208
tenis	-5.327321088877646
tentara	-3.9647490296512093
tenteram	-6.2468014920577595
teori	-4.443239334812049
tepuk tangan	-4.815231559140139
terangsang	-5.412168885721668
terbenam	-4.8833823819287066
terbit	-4.8109244711252295
terbuai	-6.189506088103327
terganggu	-4.786713576636878
terhibur	-5.735775573572422
terinspirasi	-5.388387699896893
terkejut	-4.250997606651367
terkenal	-4.128341743207917
terkepung	-5.5660244925477596
terkesan	-4.581268606321413
terkesiap	-6.184653585308915
terluka	-3.9033928982539017
termometer	-6.422892751113441
terompet	-5.393040899574511
teroris	-4.446489859914609
terperanjat	-6.723922746777422
terpesona	-5.069968483066168
terpikat	-5.679503606989009
terpisah	-4.550064369154033
tersentuh	-5.101071344159898
tersinggung	-4.722422015648019
tersipu	-6.01832216354239
tertarik	-4.049556286977208
tertekan	-4.98386386595727
terwelu	-7.360744844364596
tetek	-6.219818002372166
tidur	-3.404664498767259
tikus	-4.295414151708282
tim	-3.608389040211095
tinju	-4.7102754220763
tinta	-5.17416517369461
tirai	-5.174636464551391
toko	-4.046666852585383
tolol	-4.507858398211499
tompel	-7.2937980547339825
tong	-4.83656516606384
tongkat kruk	-6.414620225147451
topan	-5.501406365235729
topi	-4.413474544673981
tornado	-5.217209619264637
tradisi	-4.725093577978888
tragedi	-4.898596512745527
trauma	-4.953353939893865
truk	-4.185668123188385
tua	-3.535578472108046
tubuh	-3.9384833935509933
tuhan	-3.178458615986345
tulus	-4.973355018025867
tumor	-5.255234659594622
tunai	-4.65874536947496
tungku	-5.623022251036561
uang	-3.3264440032702534
udara	-3.9324210329315537
ulama	-6.134574720965597
ulang tahun	-3.8480826791874363
ular	-4.4509214747136845
undang-undang	-5.1328581397509225
urusan	-4.127748733972442
usia	-4.38203187068769
usil	-5.829265927322341
usus	-5.214616808686358
utang	-4.995568964756194
vagina	-4.9946333209862495
vampir	-4.40011553626387
vandal	-6.070710233002078
vila	-5.597316850801659
visi	-5.024618798186653
wajah	-3.9569667992450066
waktu	-2.9838000485041336
walikota	-4.570342382698797
wanita	-3.2569525223635316
warna	-4.21835537824576
wartawan	-4.6970439189749476
warung	-5.5935889782824155
waspada	-4.615019619110108
waswas	-7.2937980547339825
yakin	-3.269623295049754
yoga	-5.254100730799259
